imputer,source_imputer,mechanism,missing_rate,model,f1_mean,f1_std,bal_mean,bal_std,n_rows,protocol
KNN,"KNN(k=5,dist)",mar,0.05,EnsembleSoft,0.8803363082962822,0.013769226688709342,0.8702920596020725,0.014443011572191996,50,imputer_within_cv
KNN,"KNN(k=5,dist)",mar,0.1,EnsembleSoft,0.8778545991857503,0.014086175062295935,0.8680423254181278,0.014730124975486739,50,imputer_within_cv
KNN,"KNN(k=5,dist)",mar,0.2,EnsembleSoft,0.8721681465435438,0.01456273535547623,0.8621136891563721,0.016807878804321188,50,imputer_within_cv
KNN,"KNN(k=5,dist)",mar,0.2,GB,0.8563545121769524,0.018267462458994476,0.8453428610328482,0.02035521282507675,50,imputer_within_cv
KNN,"KNN(k=5,dist)",mar,0.2,LogReg,0.8587710608676083,0.01408313231181576,0.8551856169433191,0.01404711795581074,50,imputer_within_cv
KNN,"KNN(k=5,dist)",mar,0.2,RF,0.853230123022176,0.015589805464793164,0.8370017579054806,0.01772552050940868,50,imputer_within_cv
KNN,"KNN(k=5,dist)",mar,0.2,SVC,0.8695229057655873,0.013944830464340592,0.8592673618636391,0.014387137694254041,50,imputer_within_cv
KNN,"KNN(k=5,dist)",mar,0.3,EnsembleSoft,0.8482454233955332,0.017576613076590128,0.8380687893977368,0.020109717138331745,50,imputer_within_cv
KNN,"KNN(k=5,dist)",mar,0.3,GB,0.832811894426529,0.019554849691587706,0.8211605357629107,0.021309343253035448,50,imputer_within_cv
KNN,"KNN(k=5,dist)",mar,0.3,LogReg,0.8382796487418183,0.015788290017453407,0.8343217092064974,0.017110631794311396,50,imputer_within_cv
KNN,"KNN(k=5,dist)",mar,0.3,RF,0.8332602138768729,0.01835417773105872,0.816189372637062,0.020875584217897585,50,imputer_within_cv
KNN,"KNN(k=5,dist)",mar,0.3,SVC,0.8475962732266297,0.018066848808592835,0.836635400863578,0.020079638106571297,50,imputer_within_cv
Mean,SimpleMean,mar,0.05,EnsembleSoft,0.8807230463647767,0.014271484721750227,0.8709846637102734,0.015940029921229424,50,imputer_within_cv
Mean,SimpleMean,mar,0.1,EnsembleSoft,0.8743290626841953,0.014117774064203326,0.8652054267227567,0.0165262040426851,50,imputer_within_cv
Mean,SimpleMean,mar,0.2,EnsembleSoft,0.8635717320954565,0.01599457825274251,0.8540339809242248,0.01704657782661135,50,imputer_within_cv
Mean,SimpleMean,mar,0.2,GB,0.8434380322299311,0.018389857292576528,0.831339406813412,0.020587624990648076,50,imputer_within_cv
Mean,SimpleMean,mar,0.2,LogReg,0.8510318073387196,0.017935999993900824,0.8478851253225451,0.0182390885855496,50,imputer_within_cv
Mean,SimpleMean,mar,0.2,RF,0.8485383566328164,0.01504823574104262,0.8314673453774866,0.01753263699257029,50,imputer_within_cv
Mean,SimpleMean,mar,0.2,SVC,0.8624073237031266,0.015064275843657115,0.8526134923413485,0.016978226880941808,50,imputer_within_cv
Mean,SimpleMean,mar,0.3,EnsembleSoft,0.84802008519513,0.020233082188741175,0.83789716438176,0.021524815649423244,50,imputer_within_cv
Mean,SimpleMean,mar,0.3,GB,0.8218110412010785,0.017980170879122768,0.8083513157431642,0.019742745650639448,50,imputer_within_cv
Mean,SimpleMean,mar,0.3,LogReg,0.8325759656773161,0.02203133328527131,0.8284986709197235,0.022620821106093168,50,imputer_within_cv
Mean,SimpleMean,mar,0.3,RF,0.8298083413929015,0.014654573068407825,0.8115343379698322,0.016639260930981524,50,imputer_within_cv
Mean,SimpleMean,mar,0.3,SVC,0.8425746279686946,0.01703188910589034,0.831451759943095,0.018820518212000696,50,imputer_within_cv
MissForest,MissForest,mar,0.05,EnsembleSoft,0.8805805867748586,0.013069796459966459,0.8707137577869285,0.01426486403308678,50,imputer_within_cv
MissForest,MissForest,mar,0.1,EnsembleSoft,0.8791786876085737,0.013167966817988229,0.8692159834175238,0.013891189328992934,50,imputer_within_cv
MissForest,MissForest,mar,0.2,EnsembleSoft,0.8707923202001205,0.014647683150102033,0.8613616575622352,0.016861243771268585,50,imputer_within_cv
MissForest,MissForest,mar,0.2,GB,0.8574406734306662,0.017320481834123668,0.8478665552462087,0.0189812974992068,50,imputer_within_cv
MissForest,MissForest,mar,0.2,LogReg,0.8605968648803646,0.013147310470537674,0.8573519988070695,0.013962280477722733,50,imputer_within_cv
MissForest,MissForest,mar,0.2,RF,0.8539782628660123,0.015997724665001392,0.8388620456351522,0.017832041255371276,50,imputer_within_cv
MissForest,MissForest,mar,0.2,SVC,0.8702932994887018,0.016338377362140125,0.8603358882238856,0.016014833294955375,50,imputer_within_cv
MissForest,MissForest,mar,0.3,EnsembleSoft,0.8606189427022096,0.015877782079675894,0.8506416785681868,0.01855068606208644,50,imputer_within_cv
MissForest,MissForest,mar,0.3,GB,0.8447545750324275,0.01887436360420291,0.8342120577682195,0.02112324882357721,50,imputer_within_cv
MissForest,MissForest,mar,0.3,LogReg,0.8506025779771137,0.01606878294920855,0.8461770321035406,0.01631149835951731,50,imputer_within_cv
MissForest,MissForest,mar,0.3,RF,0.84746809024722,0.01635417460300324,0.8313616209777956,0.019302924983214707,50,imputer_within_cv
MissForest,MissForest,mar,0.3,SVC,0.856913382482276,0.016806365839563873,0.8461570023543707,0.01836355773229023,50,imputer_within_cv
KNN,"KNN(k=5,dist)",mcar,0.05,EnsembleSoft,0.8812234101019348,0.013095090085023199,0.8717219615002029,0.01453704275886543,50,imputer_within_cv
KNN,"KNN(k=5,dist)",mcar,0.1,EnsembleSoft,0.8756739489033231,0.01296722406730911,0.8661451610363677,0.013457949782120181,50,imputer_within_cv
KNN,"KNN(k=5,dist)",mcar,0.2,EnsembleSoft,0.8691416635535307,0.015847903373292622,0.8595983667594708,0.017488003698690364,50,imputer_within_cv
KNN,"KNN(k=5,dist)",mcar,0.2,GB,0.855538459394352,0.020161023437039422,0.8445122168873773,0.021567846218099086,50,imputer_within_cv
KNN,"KNN(k=5,dist)",mcar,0.2,LogReg,0.8590777282774615,0.01345028073022943,0.8554021755238058,0.013718644296698416,50,imputer_within_cv
KNN,"KNN(k=5,dist)",mcar,0.2,RF,0.8527388086649583,0.019045668162855977,0.8361624154621587,0.02157202732866801,50,imputer_within_cv
KNN,"KNN(k=5,dist)",mcar,0.2,SVC,0.8648433815886919,0.016727544472026082,0.8541992805368929,0.017462612495330442,50,imputer_within_cv
KNN,"KNN(k=5,dist)",mcar,0.3,EnsembleSoft,0.8582261234591262,0.017149947601378574,0.8484000517739285,0.01817899726156753,50,imputer_within_cv
KNN,"KNN(k=5,dist)",mcar,0.3,GB,0.8449872273117439,0.015808196644748404,0.8339665632114284,0.018081900720444785,50,imputer_within_cv
KNN,"KNN(k=5,dist)",mcar,0.3,LogReg,0.8492251119974046,0.018490236831383247,0.8456616485782082,0.017867758706939144,50,imputer_within_cv
KNN,"KNN(k=5,dist)",mcar,0.3,RF,0.8449981675457504,0.018279682888317366,0.8289083291191764,0.020601519071154796,50,imputer_within_cv
KNN,"KNN(k=5,dist)",mcar,0.3,SVC,0.8576606661458095,0.021773940937763952,0.846649506712087,0.022584942408838085,50,imputer_within_cv
Mean,SimpleMean,mcar,0.05,EnsembleSoft,0.878740165462206,0.01392848425443587,0.8694692667552103,0.015181964917662714,50,imputer_within_cv
Mean,SimpleMean,mcar,0.1,EnsembleSoft,0.8747997280647162,0.01535618125313024,0.8652653182290538,0.01590985956474834,50,imputer_within_cv
Mean,SimpleMean,mcar,0.2,EnsembleSoft,0.866073659815381,0.012845168970609722,0.8568806092281701,0.014268364238298418,50,imputer_within_cv
Mean,SimpleMean,mcar,0.2,GB,0.844209649027379,0.017373426206828028,0.8319824917986022,0.018351848558193603,50,imputer_within_cv
Mean,SimpleMean,mcar,0.2,LogReg,0.8503205553936407,0.01570159667428454,0.8470566104840817,0.016364261830062087,50,imputer_within_cv
Mean,SimpleMean,mcar,0.2,RF,0.8473118661735363,0.0123072037986909,0.829592520658631,0.015359742560828879,50,imputer_within_cv
Mean,SimpleMean,mcar,0.2,SVC,0.8613676542917994,0.01241187244107383,0.8511914227549657,0.012627047168595841,50,imputer_within_cv
Mean,SimpleMean,mcar,0.3,EnsembleSoft,0.8550846750816824,0.01687651236868528,0.8453412114914041,0.01847016289984097,50,imputer_within_cv
Mean,SimpleMean,mcar,0.3,GB,0.831997758069512,0.020472133751168197,0.8197268568687054,0.0232548698005493,50,imputer_within_cv
Mean,SimpleMean,mcar,0.3,LogReg,0.8379174856084611,0.020097645037534646,0.8348377327279767,0.020795882871658667,50,imputer_within_cv
Mean,SimpleMean,mcar,0.3,RF,0.8305739706072492,0.017067902988214492,0.8122216313140576,0.019727888983245647,50,imputer_within_cv
Mean,SimpleMean,mcar,0.3,SVC,0.850169461710153,0.01628129356513701,0.8398490627900128,0.017302407848859214,50,imputer_within_cv
MissForest,MissForest,mcar,0.05,EnsembleSoft,0.8812120143458076,0.012240245295965521,0.8716584870342894,0.013384414917864459,50,imputer_within_cv
MissForest,MissForest,mcar,0.1,EnsembleSoft,0.8786664667109548,0.015455670887344454,0.869314236255828,0.015885850525976422,50,imputer_within_cv
MissForest,MissForest,mcar,0.2,EnsembleSoft,0.8741775961522379,0.01466645590373077,0.8646195181227273,0.016385652592466493,50,imputer_within_cv
MissForest,MissForest,mcar,0.2,GB,0.860224847530081,0.01642137074362726,0.8493582038058932,0.02112026035073719,50,imputer_within_cv
MissForest,MissForest,mcar,0.2,LogReg,0.8596583073744481,0.016114134233929687,0.8562211561794361,0.015563523101370064,50,imputer_within_cv
MissForest,MissForest,mcar,0.2,RF,0.8597043795667798,0.014781094149223614,0.8433912122323547,0.01732280346823898,50,imputer_within_cv
MissForest,MissForest,mcar,0.2,SVC,0.8704953013063508,0.015826399140777256,0.8602220402262123,0.016826195700753926,50,imputer_within_cv
MissForest,MissForest,mcar,0.3,EnsembleSoft,0.8662237147375467,0.01454037978089943,0.8574428629778437,0.016298052977546017,50,imputer_within_cv
MissForest,MissForest,mcar,0.3,GB,0.8513412903365911,0.01577440090783366,0.8415815041113501,0.017634757244592802,50,imputer_within_cv
MissForest,MissForest,mcar,0.3,LogReg,0.8535365447320805,0.01674562497652869,0.8505197000261185,0.015781199037234087,50,imputer_within_cv
MissForest,MissForest,mcar,0.3,RF,0.854447663179506,0.015481321279755732,0.8391372939925571,0.018400858315348257,50,imputer_within_cv
MissForest,MissForest,mcar,0.3,SVC,0.8650798783337165,0.016513524208178795,0.8556875776840475,0.016973962308545597,50,imputer_within_cv
RFECA,OriginalRFECA,mar,0.05,EnsembleSoft,0.882465236946783,0.013962487489697155,0.8719862979696099,0.013261248261481184,25,post_target_wise_impute
RFECA,OriginalRFECA,mar,0.05,GB,0.8645976260792766,0.023027122544484347,0.8536751718542476,0.023687064169813424,25,post_target_wise_impute
RFECA,OriginalRFECA,mar,0.05,LogReg,0.8686817853893778,0.013722939063996875,0.8652064455299372,0.011846150808713707,25,post_target_wise_impute
RFECA,OriginalRFECA,mar,0.05,RF,0.8672022681471754,0.013389317497067031,0.8517702821354939,0.015667943940021377,25,post_target_wise_impute
RFECA,OriginalRFECA,mar,0.05,SVC,0.8834351770673812,0.01770462068389704,0.8735951658525472,0.016441481586765786,25,post_target_wise_impute
RFECA,OriginalRFECA,mar,0.1,EnsembleSoft,0.8789098886811282,0.013479296882346175,0.8696992953559064,0.013910974177888898,25,post_target_wise_impute
RFECA,OriginalRFECA,mar,0.1,GB,0.8653294361696243,0.018860013874666594,0.8544752077903555,0.021268024107234627,25,post_target_wise_impute
RFECA,OriginalRFECA,mar,0.1,LogReg,0.8662172399741006,0.014140265663984715,0.8633525684129022,0.010877722023888876,25,post_target_wise_impute
RFECA,OriginalRFECA,mar,0.1,RF,0.8672168218858868,0.014949679740021971,0.8515058303556379,0.018545938329192307,25,post_target_wise_impute
RFECA,OriginalRFECA,mar,0.1,SVC,0.8805246788705077,0.01751988553897419,0.870991497590984,0.016717960566416,25,post_target_wise_impute
RFECA,OriginalRFECA,mar,0.2,EnsembleSoft,0.8765333637551836,0.015955684235247986,0.8674813752785512,0.0167413636133714,25,post_target_wise_impute
RFECA,OriginalRFECA,mar,0.2,GB,0.8595660750459462,0.019664628926775125,0.8489442971804975,0.021844627974211436,25,post_target_wise_impute
RFECA,OriginalRFECA,mar,0.2,LogReg,0.8639167614794804,0.017358135494501752,0.8597949298597566,0.015043570841783097,25,post_target_wise_impute
RFECA,OriginalRFECA,mar,0.2,RF,0.8612522979057782,0.017580442700100132,0.8460725529640806,0.020345571264130835,25,post_target_wise_impute
RFECA,OriginalRFECA,mar,0.2,SVC,0.8725633375465507,0.017114094814547714,0.8635791816940726,0.016324608566686615,25,post_target_wise_impute
RFECA,OriginalRFECA,mar,0.3,EnsembleSoft,0.872464949088644,0.018624086137467914,0.8640593705253525,0.019292180553832257,25,post_target_wise_impute
RFECA,OriginalRFECA,mar,0.3,GB,0.8525862940419913,0.018930027203303664,0.8426963287746344,0.02286084301141027,25,post_target_wise_impute
RFECA,OriginalRFECA,mar,0.3,LogReg,0.8583104051756705,0.014686495405096985,0.8548864409730905,0.01600306861276198,25,post_target_wise_impute
RFECA,OriginalRFECA,mar,0.3,RF,0.8574803961415056,0.016301176189534104,0.8431679318399472,0.01950088048200908,25,post_target_wise_impute
RFECA,OriginalRFECA,mar,0.3,SVC,0.8738022453308758,0.017058435671103624,0.8652869035115505,0.017352867963187697,25,post_target_wise_impute
RFECA,OriginalRFECA,mcar,0.05,EnsembleSoft,0.8820947897770414,0.014008635644129647,0.8724540962531977,0.015167241760223509,25,post_target_wise_impute
RFECA,OriginalRFECA,mcar,0.05,GB,0.8708246885828737,0.019718761390648515,0.859829222909454,0.02209250993733145,25,post_target_wise_impute
RFECA,OriginalRFECA,mcar,0.05,LogReg,0.8736075051348393,0.014113847176161135,0.8697704201375575,0.011619941291271163,25,post_target_wise_impute
RFECA,OriginalRFECA,mcar,0.05,RF,0.8649948095471105,0.015226445360139299,0.8487442238263805,0.018319949932302383,25,post_target_wise_impute
RFECA,OriginalRFECA,mcar,0.05,SVC,0.8810440063156497,0.018227003476407398,0.8717259825469068,0.016445179141981556,25,post_target_wise_impute
RFECA,OriginalRFECA,mcar,0.1,EnsembleSoft,0.8771232344973182,0.015707979755862023,0.8674408517598505,0.014274937963821828,25,post_target_wise_impute
RFECA,OriginalRFECA,mcar,0.1,GB,0.863225844045751,0.016187158739698695,0.8527972953447922,0.018207679395310598,25,post_target_wise_impute
RFECA,OriginalRFECA,mcar,0.1,LogReg,0.8654365230949854,0.014207799907974631,0.8627860412302004,0.011753868677682106,25,post_target_wise_impute
RFECA,OriginalRFECA,mcar,0.1,RF,0.8631279181143411,0.015716660030785166,0.8477569153852851,0.018359385980586805,25,post_target_wise_impute
RFECA,OriginalRFECA,mcar,0.1,SVC,0.879381933761278,0.01581867283387681,0.8700342180284415,0.013812350358134717,25,post_target_wise_impute
RFECA,OriginalRFECA,mcar,0.2,EnsembleSoft,0.8759837976830788,0.015846879767085657,0.8665680553934726,0.016852337400827984,25,post_target_wise_impute
RFECA,OriginalRFECA,mcar,0.2,GB,0.8633577612465813,0.01535702933448558,0.8532027787502756,0.017947669702339124,25,post_target_wise_impute
RFECA,OriginalRFECA,mcar,0.2,LogReg,0.857475257115124,0.019816242677954714,0.855455807849261,0.018279371618983145,25,post_target_wise_impute
RFECA,OriginalRFECA,mcar,0.2,RF,0.8624336608606522,0.015121825276598399,0.8474542620409116,0.018800730136399386,25,post_target_wise_impute
RFECA,OriginalRFECA,mcar,0.2,SVC,0.8765934775622118,0.019074809655305124,0.8673909052009181,0.018101868763989625,25,post_target_wise_impute
RFECA,OriginalRFECA,mcar,0.3,EnsembleSoft,0.8723485530109701,0.019545875446428287,0.863688700687417,0.020942992843257797,25,post_target_wise_impute
RFECA,OriginalRFECA,mcar,0.3,GB,0.8600959404232824,0.021573363115782684,0.8498713709625134,0.024251333021266752,25,post_target_wise_impute
RFECA,OriginalRFECA,mcar,0.3,LogReg,0.8589359074728045,0.01600052022943242,0.855638846747319,0.015647859627791593,25,post_target_wise_impute
RFECA,OriginalRFECA,mcar,0.3,RF,0.8614844793694819,0.01255646276549599,0.847162729440008,0.016026481244944858,25,post_target_wise_impute
RFECA,OriginalRFECA,mcar,0.3,SVC,0.8696075126470578,0.018481550153265434,0.8607398077603469,0.019839165910005237,25,post_target_wise_impute
