mechanism,missing_rate,method,metric,mean,std,ci95_low,ci95_high,n_replications
MAR,0.05,Mean,corr_rv,0.9878405996994146,0.0009806288422509598,0.9871391000849163,0.9885420993139129,10
MAR,0.05,KNN,corr_rv,0.9943017860791958,0.0006072690677764203,0.9938673719577796,0.994736200200612,10
MAR,0.05,RFECA-k5,corr_rv,0.9936628057456757,0.001268799622127964,0.9927551611736934,0.9945704503176579,10
MAR,0.05,RFECA-k10,corr_rv,0.9922723901812829,0.0011674304113279653,0.9914372607742993,0.9931075195882665,10
MAR,0.05,RFECA-k20,corr_rv,0.9899348508292555,0.0020971811171869117,0.9884346178340045,0.9914350838245064,10
MAR,0.05,MissForest,corr_rv,0.9953590366828836,0.0004821361548331581,0.9950141372549056,0.9957039361108616,10
MAR,0.1,Mean,corr_rv,0.9767277308923916,0.0012155286077806437,0.9758581941084108,0.9775972676763725,10
MAR,0.1,KNN,corr_rv,0.9881625295888018,0.000706483155142797,0.9876571419848185,0.9886679171927851,10
MAR,0.1,RFECA-k5,corr_rv,0.9867367373314815,0.001285020245733415,0.985817489224384,0.987655985438579,10
MAR,0.1,RFECA-k10,corr_rv,0.984118505000293,0.0015304697887395515,0.9830236728675387,0.9852133371330473,10
MAR,0.1,RFECA-k20,corr_rv,0.9794746924902071,0.002680995364994831,0.9775568239409828,0.9813925610394315,10
MAR,0.1,MissForest,corr_rv,0.9902940253436092,0.0007926940387770645,0.9897269661886483,0.9908610844985701,10
MAR,0.2,Mean,corr_rv,0.948716014990462,0.0032540624173715066,0.9463881989677357,0.9510438310131882,10
MAR,0.2,KNN,corr_rv,0.9767158685511621,0.002115113385258434,0.9752028075841065,0.9782289295182177,10
MAR,0.2,RFECA-k5,corr_rv,0.9718248027986197,0.003045499392272962,0.9696461837762278,0.9740034218210116,10
MAR,0.2,RFECA-k10,corr_rv,0.9663473544422615,0.0020918143154955316,0.9648509606256634,0.9678437482588595,10
MAR,0.2,RFECA-k20,corr_rv,0.9533145528376433,0.0028838056219242865,0.9512516025705228,0.9553775031047639,10
MAR,0.2,MissForest,corr_rv,0.9819462641031208,0.001555081525750371,0.9808338257943279,0.9830587024119137,10
MAR,0.3,Mean,corr_rv,0.9116598357490139,0.0028909400515076643,0.9095917818184207,0.913727889679607,10
MAR,0.3,KNN,corr_rv,0.9633384089117574,0.002592476380226313,0.9614838630295967,0.9651929547939181,10
MAR,0.3,RFECA-k5,corr_rv,0.9463820415615005,0.009435153972602181,0.939632539008303,0.953131544114698,10
MAR,0.3,RFECA-k10,corr_rv,0.9295804394756875,0.009823764798105301,0.9225529414847313,0.9366079374666436,10
MAR,0.3,RFECA-k20,corr_rv,0.9139264296406088,0.010440495317067163,0.9064577492137904,0.9213951100674271,10
MAR,0.3,MissForest,corr_rv,0.9711386610011562,0.0021629447746959775,0.9695913835193443,0.9726859384829681,10
MAR,0.05,Mean,f1_macro,0.9220299644799645,0.01861808347182112,0.908711389892459,0.9353485390674701,10
MAR,0.05,KNN,f1_macro,0.9341653399740357,0.012679317930945582,0.9250951023291362,0.9432355776189353,10
MAR,0.05,RFECA-k5,f1_macro,0.9190361160578551,0.010570284246157538,0.9114745902242933,0.9265976418914168,10
MAR,0.05,RFECA-k10,f1_macro,0.9268685867272823,0.007574615030993056,0.9214500335547923,0.9322871398997724,10
MAR,0.05,RFECA-k20,f1_macro,0.9232721252177776,0.013915002282758852,0.9133179322382085,0.9332263181973467,10
MAR,0.05,MissForest,f1_macro,0.928858846467542,0.011746628034909647,0.9204558149809008,0.9372618779541833,10
MAR,0.1,Mean,f1_macro,0.9116729847447239,0.022274348415368295,0.8957388757797935,0.9276070937096543,10
MAR,0.1,KNN,f1_macro,0.9241778115604202,0.015857115495099,0.9128343144822267,0.9355213086386137,10
MAR,0.1,RFECA-k5,f1_macro,0.919097001307871,0.023332819667990185,0.9024057076226061,0.9357882949931359,10
MAR,0.1,RFECA-k10,f1_macro,0.9177577077511859,0.01848117210621455,0.9045370736545729,0.9309783418477989,10
MAR,0.1,RFECA-k20,f1_macro,0.9192542916021177,0.018083845595968685,0.9063178877685343,0.9321906954357011,10
MAR,0.1,MissForest,f1_macro,0.9260019545671719,0.014712825624030944,0.9154770331506793,0.9365268759836646,10
MAR,0.2,Mean,f1_macro,0.8978391977587629,0.02057716030312312,0.8831191840306584,0.9125592114868674,10
MAR,0.2,KNN,f1_macro,0.9283549399875486,0.020240693105584313,0.913875620392836,0.9428342595822612,10
MAR,0.2,RFECA-k5,f1_macro,0.904445165945166,0.019944055436797385,0.8901780481553913,0.9187122837349407,10
MAR,0.2,RFECA-k10,f1_macro,0.9092047734873823,0.016295209856748878,0.8975478825821157,0.9208616643926488,10
MAR,0.2,RFECA-k20,f1_macro,0.8932843813191639,0.02132181042425964,0.8780316769843725,0.9085370856539553,10
MAR,0.2,MissForest,f1_macro,0.926764894525764,0.008780321188720373,0.9204838311267723,0.9330459579247558,10
MAR,0.3,Mean,f1_macro,0.8735600879796532,0.02282670365288644,0.8572308478810151,0.8898893280782914,10
MAR,0.3,KNN,f1_macro,0.8891159432355085,0.03268485016561387,0.8657346099489202,0.9124972765220968,10
MAR,0.3,RFECA-k5,f1_macro,0.8902480753545972,0.02164069880730591,0.8747672520127597,0.9057288986964346,10
MAR,0.3,RFECA-k10,f1_macro,0.8802132140806054,0.023016878236539844,0.8637479312802107,0.8966784968810001,10
MAR,0.3,RFECA-k20,f1_macro,0.8738902317489273,0.024072425389952076,0.8566698560027616,0.8911106074950931,10
MAR,0.3,MissForest,f1_macro,0.8960713607648392,0.024020991708823828,0.878887778457668,0.9132549430720104,10
MAR,0.05,Mean,rmse,3.0330386728537237,0.15163600716683914,2.924564807933108,3.1415125377743394,10
MAR,0.05,KNN,rmse,2.1041907285185983,0.1581092733800391,1.9910861679081835,2.217295289129013,10
MAR,0.05,RFECA-k5,rmse,2.100681616263148,0.20603345295492942,1.953294162830857,2.248069069695439,10
MAR,0.05,RFECA-k10,rmse,2.2021118067837158,0.1595674062698477,2.0879641607407535,2.316259452826678,10
MAR,0.05,RFECA-k20,rmse,2.4614301454742744,0.17986689568750405,2.3327611194887132,2.5900991714598356,10
MAR,0.05,MissForest,rmse,1.9185008004476796,0.15092463920028545,1.8105358175146244,2.0264657833807345,10
MAR,0.1,Mean,rmse,2.9893512602003467,0.06202641395770129,2.9449802366231097,3.0337222837775837,10
MAR,0.1,KNN,rmse,2.1978076836959892,0.07622315149927895,2.1432809258761316,2.252334441515847,10
MAR,0.1,RFECA-k5,rmse,2.299340362759831,0.14090461464599094,2.198543273589686,2.400137451929976,10
MAR,0.1,RFECA-k10,rmse,2.4673704994704417,0.16335046469347184,2.3505166164584494,2.584224382482434,10
MAR,0.1,RFECA-k20,rmse,2.7391707486616017,0.14865632983729976,2.6328284164962366,2.845513080826967,10
MAR,0.1,MissForest,rmse,2.018421128757418,0.10486442560766449,1.9434056377083282,2.093436619806508,10
MAR,0.2,Mean,rmse,2.944471595191907,0.07858297274248688,2.8882567229488645,3.0006864674349494,10
MAR,0.2,KNN,rmse,2.202264428425988,0.09802856755244932,2.1321390156449316,2.2723898412070445,10
MAR,0.2,RFECA-k5,rmse,2.4281262483168207,0.10453853652039699,2.3533438842768883,2.502908612356753,10
MAR,0.2,RFECA-k10,rmse,2.532989989419828,0.1030041737781782,2.459305242363806,2.60667473647585,10
MAR,0.2,RFECA-k20,rmse,2.875325803708043,0.0770561286686849,2.820203169917535,2.930448437498551,10
MAR,0.2,MissForest,rmse,2.1148904888293627,0.1241076079389872,2.0261092544067085,2.203671723252017,10
MAR,0.3,Mean,rmse,2.93204585025975,0.04403096512851988,2.90054799527851,2.9635437052409905,10
MAR,0.3,KNN,rmse,2.284470673693334,0.07800864339316563,2.22866665191663,2.3402746954700375,10
MAR,0.3,RFECA-k5,rmse,2.5556382894695586,0.09519399347125826,2.4875406088329677,2.6237359701061496,10
MAR,0.3,RFECA-k10,rmse,2.8020246525021455,0.14230674457097556,2.7002245400070946,2.9038247649971964,10
MAR,0.3,RFECA-k20,rmse,3.0672129711786233,0.10306922961512736,2.993481685980366,3.140944256376881,10
MAR,0.3,MissForest,rmse,2.152384195473986,0.07525615936655371,2.0985491821542928,2.206219208793679,10
MCAR,0.05,Mean,corr_rv,0.991395823608008,0.001320977007256634,0.9904508535832386,0.9923407936327775,10
MCAR,0.05,KNN,corr_rv,0.9957050645445056,0.000492292578248579,0.9953528996488974,0.9960572294401138,10
MCAR,0.05,RFECA-k5,corr_rv,0.9955150706972308,0.0003967142751983291,0.9952312784007705,0.995798862993691,10
MCAR,0.05,RFECA-k10,corr_rv,0.9949992664452653,0.0009791124932672993,0.9942988515614843,0.9956996813290462,10
MCAR,0.05,RFECA-k20,corr_rv,0.9933479263751421,0.0007018007913849857,0.9928458883324092,0.9938499644178751,10
MCAR,0.05,MissForest,corr_rv,0.9965444435856412,0.0005140012047311847,0.9961767492741596,0.9969121378971229,10
MCAR,0.1,Mean,corr_rv,0.9810641913992681,0.0012136334165687586,0.9801960103534089,0.9819323724451274,10
MCAR,0.1,KNN,corr_rv,0.9910019525176054,0.0006622427074509556,0.9905282126234016,0.9914756924118091,10
MCAR,0.1,RFECA-k5,corr_rv,0.990267457217902,0.0008221059229030842,0.9896793580685139,0.9908555563672901,10
MCAR,0.1,RFECA-k10,corr_rv,0.9887258934007797,0.0011983934349168366,0.987868614381042,0.9895831724205173,10
MCAR,0.1,RFECA-k20,corr_rv,0.9857749182836555,0.0013187780182807034,0.9848315213208361,0.9867183152464749,10
MCAR,0.1,MissForest,corr_rv,0.9929716829525848,0.0007556383933808629,0.9924311318094632,0.9935122340957063,10
MCAR,0.2,Mean,corr_rv,0.9559710813457654,0.002959617299228878,0.9538538986717318,0.958088264019799,10
MCAR,0.2,KNN,corr_rv,0.9806961092133687,0.0014300961646564207,0.9796730800457796,0.9817191383809578,10
MCAR,0.2,RFECA-k5,corr_rv,0.9770641406279326,0.0020042234170196157,0.9756304055654594,0.9784978756904057,10
MCAR,0.2,RFECA-k10,corr_rv,0.9723549038949544,0.002441773959197377,0.9706081640304232,0.9741016437594856,10
MCAR,0.2,RFECA-k20,corr_rv,0.9654728799402583,0.0035716923436034972,0.962917845156259,0.9680279147242576,10
MCAR,0.2,MissForest,corr_rv,0.9847160971369705,0.0017695297026250857,0.9834502518438775,0.9859819424300635,10
MCAR,0.3,Mean,corr_rv,0.9191185000117372,0.005192186046539386,0.9154042338662608,0.9228327661572137,10
MCAR,0.3,KNN,corr_rv,0.9677730567841589,0.0029852401787900415,0.9656375446062804,0.9699085689620375,10
MCAR,0.3,RFECA-k5,corr_rv,0.9576778831883758,0.005110040174039474,0.954022380660089,0.9613333857166625,10
MCAR,0.3,RFECA-k10,corr_rv,0.946074424253494,0.005907274344807188,0.9418486147554728,0.9503002337515152,10
MCAR,0.3,RFECA-k20,corr_rv,0.9332244060327104,0.0058822700875288325,0.929016483502812,0.9374323285626088,10
MCAR,0.3,MissForest,corr_rv,0.97596488818435,0.002118455530091064,0.9744494363909076,0.9774803399777924,10
MCAR,0.05,Mean,f1_macro,0.9234447677925939,0.012870283434322225,0.9142379216560517,0.9326516139291361,10
MCAR,0.05,KNN,f1_macro,0.9245413077260902,0.012442285315509023,0.9156406329995834,0.933441982452597,10
MCAR,0.05,RFECA-k5,f1_macro,0.9222631691979519,0.012076782750755466,0.9136239592552916,0.9309023791406122,10
MCAR,0.05,RFECA-k10,f1_macro,0.9195475816454077,0.01220582903580657,0.9108160575515463,0.9282791057392692,10
MCAR,0.05,RFECA-k20,f1_macro,0.9186194493911886,0.017796188111142502,0.9058888233259297,0.9313500754564474,10
MCAR,0.05,MissForest,f1_macro,0.9223843028951725,0.015136471387818885,0.9115563235558689,0.933212282234476,10
MCAR,0.1,Mean,f1_macro,0.9172617594965422,0.01605824105352499,0.9057743858611614,0.928749133131923,10
MCAR,0.1,KNN,f1_macro,0.9250435506522464,0.00944288687341676,0.918288516315048,0.9317985849894448,10
MCAR,0.1,RFECA-k5,f1_macro,0.9176499720086676,0.013103495114245332,0.9082762962863393,0.9270236477309959,10
MCAR,0.1,RFECA-k10,f1_macro,0.9101142379359773,0.017270423878241063,0.8977597209456369,0.9224687549263177,10
MCAR,0.1,RFECA-k20,f1_macro,0.9181455018411538,0.009329855650388593,0.9114713251699389,0.9248196785123688,10
MCAR,0.1,MissForest,f1_macro,0.9184111521328913,0.01743197676268891,0.9059410671709816,0.930881237094801,10
MCAR,0.2,Mean,f1_macro,0.8913581700907788,0.02086018393114789,0.8764356934558138,0.9062806467257437,10
MCAR,0.2,KNN,f1_macro,0.9122281597629425,0.024181115548930175,0.8949300317609407,0.9295262877649443,10
MCAR,0.2,RFECA-k5,f1_macro,0.8989780446606535,0.02030316609938086,0.8844540345783919,0.913502054742915,10
MCAR,0.2,RFECA-k10,f1_macro,0.8916600081078343,0.012675355446829165,0.8825926050533122,0.9007274111623564,10
MCAR,0.2,RFECA-k20,f1_macro,0.8938904054882315,0.02307889881679367,0.8773807558374399,0.9104000551390231,10
MCAR,0.2,MissForest,f1_macro,0.9083100667448493,0.02374749668847154,0.8913221309892356,0.9252980025004629,10
MCAR,0.3,Mean,f1_macro,0.8885768499616326,0.030796658722170956,0.8665462474639058,0.9106074524593593,10
MCAR,0.3,KNN,f1_macro,0.9084213127452259,0.020250743379397078,0.8939348036177345,0.9229078218727172,10
MCAR,0.3,RFECA-k5,f1_macro,0.8972075574184271,0.02777258674541416,0.8773402456934257,0.9170748691434284,10
MCAR,0.3,RFECA-k10,f1_macro,0.8952167742885134,0.02579802329011786,0.8767619801675356,0.9136715684094913,10
MCAR,0.3,RFECA-k20,f1_macro,0.8827573771638988,0.02572742023663676,0.8643530894248113,0.9011616649029863,10
MCAR,0.3,MissForest,f1_macro,0.9158477886847454,0.015372102278889247,0.9048512491602545,0.9268443282092362,10
MCAR,0.05,Mean,rmse,2.8081285785899355,0.18395351468261026,2.676536161484154,2.939720995695717,10
MCAR,0.05,KNN,rmse,2.016992315275133,0.11987419331205881,1.931239483241689,2.1027451473085765,10
MCAR,0.05,RFECA-k5,rmse,2.0406309920844974,0.12929405503687116,1.9481395969129205,2.1331223872560745,10
MCAR,0.05,RFECA-k10,rmse,2.1476662234311603,0.1996491586230855,2.0048458190389034,2.2904866278234173,10
MCAR,0.05,RFECA-k20,rmse,2.388047481929054,0.13054449171856342,2.294661578241749,2.4814333856163584,10
MCAR,0.05,MissForest,rmse,1.7610788481651167,0.1003083553974721,1.6893225734049753,1.8328351229252582,10
MCAR,0.1,Mean,rmse,2.8483087786082413,0.09058913250776478,2.78350521706292,2.9131123401535626,10
MCAR,0.1,KNN,rmse,2.0850778545925936,0.11379400552241815,2.0036745268840677,2.1664811823011196,10
MCAR,0.1,RFECA-k5,rmse,2.0960004545578665,0.10626713941950118,2.019981522496379,2.172019386619354,10
MCAR,0.1,RFECA-k10,rmse,2.250653198847436,0.12810953296519018,2.1590091597201106,2.3422972379747615,10
MCAR,0.1,RFECA-k20,rmse,2.4792008052240244,0.1514385142023651,2.370868218259426,2.587533392188623,10
MCAR,0.1,MissForest,rmse,1.8333837943905078,0.12244785247441568,1.7457898775016574,1.9209777112793582,10
MCAR,0.2,Mean,rmse,2.7960689101501353,0.051950699767312945,2.758905618301579,2.8332322019986913,10
MCAR,0.2,KNN,rmse,2.0782866261679245,0.0684393669950665,2.029328052347743,2.127245199988106,10
MCAR,0.2,RFECA-k5,rmse,2.1743004675557405,0.09639749813375714,2.105341851547463,2.243259083564018,10
MCAR,0.2,RFECA-k10,rmse,2.3227051231032236,0.07282554879081402,2.270608863844611,2.374801382361836,10
MCAR,0.2,RFECA-k20,rmse,2.6260577692841762,0.12138776027428362,2.539222196671656,2.7128933418966965,10
MCAR,0.2,MissForest,rmse,1.8573458378272778,0.05092296742722417,1.8209177414056938,1.8937739342488618,10
MCAR,0.3,Mean,rmse,2.785821428510163,0.06502085802016538,2.739308308693299,2.8323345483270264,10
MCAR,0.3,KNN,rmse,2.1541714459240033,0.08054532937827494,2.0965527883095727,2.211790103538434,10
MCAR,0.3,RFECA-k5,rmse,2.320350083104958,0.06604842136650754,2.2731018887519663,2.3675982774579496,10
MCAR,0.3,RFECA-k10,rmse,2.5591873431285808,0.08342335439231574,2.4995098704447996,2.618864815812362,10
MCAR,0.3,RFECA-k20,rmse,2.825793539666974,0.08574679907143487,2.764453974786344,2.8871331045476043,10
MCAR,0.3,MissForest,rmse,1.925343403590792,0.08772870812679523,1.8625860663804041,1.9881007408011797,10
