cohort,mechanism,missing_rate,metric,higher_is_better,n_blocks,n_imputers,friedman_chi2,p_value,note,mean_rank__SimpleMean,mean_value__SimpleMean,"mean_rank__KNN(k=5,dist)","mean_value__KNN(k=5,dist)",mean_rank__RFECA_SVR(k=5),mean_value__RFECA_SVR(k=5),mean_rank__RFECA_SVR(k=10),mean_value__RFECA_SVR(k=10),mean_rank__RFECA_SVR(k=20),mean_value__RFECA_SVR(k=20),mean_rank__MissForest,mean_value__MissForest
metabric,mcar,0.05,f1_macro,True,10,6,7.085714285714289,0.2143432850061524,,4.7,0.878740165462206,3.8,0.8812234101019347,3.2,0.881190811925919,2.9,0.8821873344317991,2.8,0.8822424970815849,3.6,0.881212014345808
metabric,mcar,0.1,f1_macro,True,10,6,10.914285714285713,0.0531061811855478,,4.7,0.8747997280647162,4.3,0.8756739489033232,3.5,0.8770501697569497,2.8,0.8780695701858203,2.4,0.8788408255873517,3.3,0.8786664667109548
metabric,mcar,0.2,f1_macro,True,10,6,26.571428571428555,6.911700740902975e-05,,5.5,0.8660736598153809,4.1,0.8691416635535306,3.7,0.8699658920139648,3.8,0.8699883418704252,1.9,0.8748686891553614,2.0,0.8741775961522379
metabric,mcar,0.3,f1_macro,True,10,6,24.05714285714285,0.0002116914884207,,5.1,0.8550846750816824,4.9,0.8582261234591261,3.7,0.8611557612545108,2.6,0.863862901789948,2.8,0.8627088318455878,1.9,0.8662237147375468
metabric,mcar,0.05,rmse,False,10,6,43.65714285714285,2.7187039782733127e-08,,6.0,1.0667378370555554,3.5,0.6795133633865713,4.8,0.6931456736171708,3.2,0.6778398115407647,2.5,0.6734393084175554,1.0,0.6172462402652915
metabric,mcar,0.1,rmse,False,10,6,44.91428571428571,1.51027210218236e-08,,6.0,1.0632839529894025,3.6,0.6914800654508626,4.9,0.7057575081677976,3.0,0.6890601949888076,2.5,0.6858574707692758,1.0,0.6236001728353093
metabric,mcar,0.2,rmse,False,10,6,45.714285714285694,1.0383475435309398e-08,,6.0,1.0675325388276042,3.5,0.7095707550674925,5.0,0.7231464675236974,2.5,0.7059020033174648,3.0,0.7059426056470143,1.0,0.6371393598958995
metabric,mcar,0.3,rmse,False,10,6,48.457142857142856,2.8649730580163434e-09,,6.0,1.068808469877248,3.1,0.7335889223533446,5.0,0.7433308152272196,2.1,0.7293349315575418,3.8,0.7360615266759072,1.0,0.6532032377531888
metabric,mcar,0.05,corr_rv,True,10,6,45.88571428571427,9.581903851109483e-09,,6.0,0.9985714920820682,2.8,0.9994371221355808,5.0,0.9993813614743444,3.6,0.9994263158697696,2.6,0.9994486358123824,1.0,0.9995316108810928
metabric,mcar,0.1,corr_rv,True,10,6,47.25714285714287,5.035347573384987e-09,,6.0,0.996612494297328,2.8,0.9987166407340518,5.0,0.9985293604097596,3.8,0.9986628614222304,2.4,0.9987456566432924,1.0,0.9989516647384128
metabric,mcar,0.2,corr_rv,True,10,6,49.08571428571429,2.131508518493288e-09,,6.0,0.9903330879887284,2.2,0.9969743661175772,5.0,0.9962548502595416,4.0,0.9965909314014978,2.8,0.9968489212066768,1.0,0.9976544752451604
metabric,mcar,0.3,corr_rv,True,10,6,49.485714285714266,1.7656527390849315e-09,,6.0,0.9795621827478052,2.1,0.9945285305584186,5.0,0.9930525068504292,4.0,0.9936388041852792,2.9,0.9941441473759676,1.0,0.9958367736412236
metabric,mar,0.05,f1_macro,True,10,6,3.0285714285714107,0.6955807830136138,,3.2,0.8807230463647768,3.8,0.8803363082962823,4.3,0.8801272587714714,3.1,0.8812410534187956,3.3,0.8816077162833883,3.3,0.8805805867748587
metabric,mar,0.1,f1_macro,True,10,6,12.05714285714285,0.0340131252873563,,4.9,0.8743290626841953,3.9,0.8778545991857504,2.7,0.8787595376156411,3.9,0.8768648126699196,3.2,0.8779987803856862,2.4,0.8791786876085735
metabric,mar,0.2,f1_macro,True,10,6,21.599999999999994,0.0006236565240405,,5.8,0.8635717320954566,2.2,0.8721681465435436,3.3,0.8708808668237511,3.7,0.8709077508526741,3.0,0.8710153657068591,3.0,0.8707923202001207
metabric,mar,0.3,f1_macro,True,10,6,29.371428571428567,1.960398057205633e-05,,5.1,0.8480200851951301,5.4,0.848245423395533,3.2,0.8557480643509361,2.8,0.8576248921493402,2.7,0.8585895875390565,1.8,0.8606189427022096
metabric,mar,0.05,rmse,False,10,6,45.88571428571427,9.581903851109483e-09,,6.0,1.1688933346254948,2.8,0.699695891558898,5.0,0.7213461886337341,3.6,0.7054996376019977,2.6,0.7002640860420702,1.0,0.6290763935180603
metabric,mar,0.1,rmse,False,10,6,48.1142857142857,3.366144896857217e-09,,6.0,1.1602141435329831,2.1,0.7098662056262381,5.0,0.7413737203136193,3.7,0.7191646774100003,3.2,0.717180193815534,1.0,0.6427895028879883
metabric,mar,0.2,rmse,False,10,6,47.54285714285714,4.403034656459636e-09,,6.0,1.1491114075405715,2.2,0.7507455341014431,5.0,0.7872681454981779,3.1,0.7637784680682839,3.7,0.767282303725871,1.0,0.6721495670652327
metabric,mar,0.3,rmse,False,10,6,49.485714285714266,1.7656527390849315e-09,,6.0,1.143003217234177,4.9,0.856710260394444,4.1,0.8350534197823981,2.0,0.8100384200337606,3.0,0.8155719327206805,1.0,0.7052613170597014
metabric,mar,0.05,corr_rv,True,10,6,46.74285714285713,6.4102270324400305e-09,,6.0,0.997764744198776,3.1,0.9993058780812966,5.0,0.9992451360003856,3.6,0.9992936555593148,2.3,0.9993210733502712,1.0,0.9994367754978134
metabric,mar,0.1,corr_rv,True,10,6,47.25714285714287,5.035347573384987e-09,,6.0,0.9942925728728254,2.4,0.9984620111159136,5.0,0.9982069623234302,3.8,0.9983846503651442,2.8,0.998448242547688,1.0,0.998757066163964
metabric,mar,0.2,corr_rv,True,10,6,47.08571428571429,5.4573949492623e-09,,6.0,0.9830501684053312,2.3,0.9961800963159358,5.0,0.9953430321793106,3.7,0.9958903125169472,3.0,0.9959980552093294,1.0,0.9971128483385948
metabric,mar,0.3,corr_rv,True,10,6,43.428571428571416,3.025026538415465e-08,,6.0,0.966421453522794,2.7,0.9924434633760824,4.8,0.9909994644331804,3.6,0.9919643916604056,2.9,0.9922312231768948,1.0,0.9950398714454506
