cohort,mechanism,missing_rate,metric,higher_is_better,wilcoxon_stat,p_value,n_pairs,n_boot,note,p_holm,method_a,method_b,mean_a,mean_b,delta_a_minus_b,delta_ci95_low,delta_ci95_high,rank_biserial_r,p_holm_primary_family
metabric,mcar,0.05,f1_macro,True,11.0,0.10546875,10,5000,,1.0,RFECA_SVR(k=5),SimpleMean,0.881190811925919,0.878740165462206,0.002450646463713,-1.96088422061208e-05,0.00500556190966,0.6000000000000001,0.6328125
metabric,mcar,0.05,f1_macro,True,5.0,0.01953125,10,5000,,0.29296875,RFECA_SVR(k=10),SimpleMean,0.8821873344317991,0.878740165462206,0.0034471689695931,0.0014187278809929,0.0053678722950297,0.8181818181818181,0.15625
metabric,mcar,0.05,f1_macro,True,5.0,0.01953125,10,5000,,0.29296875,RFECA_SVR(k=20),SimpleMean,0.8822424970815849,0.878740165462206,0.0035023316193787,0.0012907231683899,0.0059270603730819,0.8181818181818181,0.15625
metabric,mcar,0.05,f1_macro,True,22.0,0.625,10,5000,,1.0,RFECA_SVR(k=5),"KNN(k=5,dist)",0.881190811925919,0.8812234101019347,-3.259817601569681e-05,-0.0023583086406196,0.0017292587846826,0.1999999999999999,1.0
metabric,mcar,0.05,f1_macro,True,19.0,0.431640625,10,5000,,1.0,RFECA_SVR(k=10),"KNN(k=5,dist)",0.8821873344317991,0.8812234101019347,0.0009639243298643,-0.000594322481015,0.0028458595134685,0.3090909090909091,1.0
metabric,mcar,0.05,f1_macro,True,12.0,0.130859375,10,5000,,1.0,RFECA_SVR(k=20),"KNN(k=5,dist)",0.8822424970815849,0.8812234101019347,0.00101908697965,-0.0002529699509269,0.0023063894461142,0.5636363636363637,0.654296875
metabric,mcar,0.1,f1_macro,True,14.0,0.193359375,10,5000,,1.0,RFECA_SVR(k=5),SimpleMean,0.8770501697569497,0.8747997280647162,0.0022504416922335,-0.0001894942816132,0.0047036447592502,0.4909090909090909,0.48046875
metabric,mcar,0.1,f1_macro,True,7.0,0.037109375,10,5000,,0.482421875,RFECA_SVR(k=10),SimpleMean,0.8780695701858203,0.8747997280647162,0.003269842121104,0.0006890279164488,0.0056245144045931,0.7454545454545454,0.22265625
metabric,mcar,0.1,f1_macro,True,2.0,0.005859375,10,5000,,0.087890625,RFECA_SVR(k=20),SimpleMean,0.8788408255873517,0.8747997280647162,0.0040410975226355,0.0020513575702467,0.0062185755223726,0.9272727272727272,0.046875
metabric,mcar,0.1,f1_macro,True,13.0,0.16015625,10,5000,,1.0,RFECA_SVR(k=5),"KNN(k=5,dist)",0.8770501697569497,0.8756739489033232,0.0013762208536265,-0.0003724369408759,0.0030679288245924,0.5272727272727273,0.48046875
metabric,mcar,0.1,f1_macro,True,10.0,0.083984375,10,5000,,0.923828125,RFECA_SVR(k=10),"KNN(k=5,dist)",0.8780695701858203,0.8756739489033232,0.002395621282497,0.0007408496367615,0.0041404813780481,0.6363636363636365,0.3359375
metabric,mcar,0.1,f1_macro,True,2.0,0.005859375,10,5000,,0.087890625,RFECA_SVR(k=20),"KNN(k=5,dist)",0.8788408255873517,0.8756739489033232,0.0031668766840285,0.00152327489339,0.0050793848508698,0.9272727272727272,0.046875
metabric,mcar,0.2,f1_macro,True,2.0,0.005859375,10,5000,,0.076171875,RFECA_SVR(k=5),SimpleMean,0.8699658920139648,0.8660736598153809,0.0038922321985838,0.0020420495663965,0.0058498322772447,0.9272727272727272,0.03515625
metabric,mcar,0.2,f1_macro,True,7.0,0.037109375,10,5000,,0.296875,RFECA_SVR(k=10),SimpleMean,0.8699883418704252,0.8660736598153809,0.0039146820550443,0.0009823718686095,0.0066751241262724,0.7454545454545454,0.111328125
metabric,mcar,0.2,f1_macro,True,0.0,0.001953125,10,5000,,0.029296875,RFECA_SVR(k=20),SimpleMean,0.8748686891553614,0.8660736598153809,0.0087950293399804,0.0057976373041125,0.0116177287021286,1.0,0.015625
metabric,mcar,0.2,f1_macro,True,21.0,0.556640625,10,5000,,1.0,RFECA_SVR(k=5),"KNN(k=5,dist)",0.8699658920139648,0.8691416635535306,0.0008242284604339,-0.0014953584810981,0.003357752195255,0.2363636363636363,1.0
metabric,mcar,0.2,f1_macro,True,24.0,0.76953125,10,5000,,1.0,RFECA_SVR(k=10),"KNN(k=5,dist)",0.8699883418704252,0.8691416635535306,0.0008466783168944,-0.0025188571655833,0.0041529939192271,0.1272727272727272,1.0
metabric,mcar,0.2,f1_macro,True,2.0,0.005859375,10,5000,,0.076171875,RFECA_SVR(k=20),"KNN(k=5,dist)",0.8748686891553614,0.8691416635535306,0.0057270256018306,0.0028943370051718,0.0089075365359167,0.9272727272727272,0.03515625
metabric,mcar,0.3,f1_macro,True,4.0,0.013671875,10,5000,,0.1640625,RFECA_SVR(k=5),SimpleMean,0.8611557612545108,0.8550846750816824,0.0060710861728285,0.0023776226089187,0.0102673089386276,0.8545454545454545,0.068359375
metabric,mcar,0.3,f1_macro,True,0.0,0.001953125,10,5000,,0.029296875,RFECA_SVR(k=10),SimpleMean,0.863862901789948,0.8550846750816824,0.0087782267082654,0.0053953114637545,0.0126055901814988,1.0,0.015625
metabric,mcar,0.3,f1_macro,True,5.0,0.01953125,10,5000,,0.1953125,RFECA_SVR(k=20),SimpleMean,0.8627088318455878,0.8550846750816824,0.0076241567639054,0.0028229265244764,0.0127832676101342,0.8181818181818181,0.068359375
metabric,mcar,0.3,f1_macro,True,11.0,0.10546875,10,5000,,0.6328125,RFECA_SVR(k=5),"KNN(k=5,dist)",0.8611557612545108,0.8582261234591261,0.0029296377953847,1.0373226353032902e-05,0.0057397292428188,0.6000000000000001,0.10546875
metabric,mcar,0.3,f1_macro,True,4.0,0.013671875,10,5000,,0.1640625,RFECA_SVR(k=10),"KNN(k=5,dist)",0.863862901789948,0.8582261234591261,0.0056367783308216,0.0023292884652161,0.0086244970562276,0.8545454545454545,0.068359375
metabric,mcar,0.3,f1_macro,True,8.0,0.048828125,10,5000,,0.341796875,RFECA_SVR(k=20),"KNN(k=5,dist)",0.8627088318455878,0.8582261234591261,0.0044827083864616,0.0005359401760494,0.0082920929852863,0.709090909090909,0.09765625
metabric,mcar,0.05,rmse,False,0.0,0.001953125,10,5000,,0.029296875,RFECA_SVR(k=5),SimpleMean,0.6931456736171708,1.0667378370555554,-0.3735921634383845,-0.3853701525359486,-0.3613634463822491,-1.0,0.015625
metabric,mcar,0.05,rmse,False,0.0,0.001953125,10,5000,,0.029296875,RFECA_SVR(k=10),SimpleMean,0.6778398115407647,1.0667378370555554,-0.3888980255147907,-0.4007283441643008,-0.3760660407996745,-1.0,0.015625
metabric,mcar,0.05,rmse,False,0.0,0.001953125,10,5000,,0.029296875,RFECA_SVR(k=20),SimpleMean,0.6734393084175554,1.0667378370555554,-0.3932985286379999,-0.4024617855877379,-0.3833339917389978,-1.0,0.015625
metabric,mcar,0.05,rmse,False,5.0,0.01953125,10,5000,,0.078125,RFECA_SVR(k=5),"KNN(k=5,dist)",0.6931456736171708,0.6795133633865713,0.0136323102305995,0.0066957978271458,0.0199841221974727,0.8181818181818181,0.05859375
metabric,mcar,0.05,rmse,False,23.0,0.6953125,10,5000,,0.6953125,RFECA_SVR(k=10),"KNN(k=5,dist)",0.6778398115407647,0.6795133633865713,-0.0016735518458066,-0.0085090161314593,0.0046315347280174,-0.1636363636363637,0.6953125
metabric,mcar,0.05,rmse,False,10.0,0.083984375,10,5000,,0.16796875,RFECA_SVR(k=20),"KNN(k=5,dist)",0.6734393084175554,0.6795133633865713,-0.0060740549690158,-0.0120148885413229,0.0002098286135061,-0.6363636363636364,0.16796875
metabric,mcar,0.1,rmse,False,0.0,0.001953125,10,5000,,0.029296875,RFECA_SVR(k=5),SimpleMean,0.7057575081677976,1.0632839529894025,-0.3575264448216045,-0.3653789855688157,-0.3500682779896911,-1.0,0.015625
metabric,mcar,0.1,rmse,False,0.0,0.001953125,10,5000,,0.029296875,RFECA_SVR(k=10),SimpleMean,0.6890601949888076,1.0632839529894025,-0.3742237580005946,-0.3825222734857683,-0.3667178493510083,-1.0,0.015625
metabric,mcar,0.1,rmse,False,0.0,0.001953125,10,5000,,0.029296875,RFECA_SVR(k=20),SimpleMean,0.6858574707692758,1.0632839529894025,-0.3774264822201262,-0.385925814312983,-0.3703135673573117,-1.0,0.015625
metabric,mcar,0.1,rmse,False,1.0,0.00390625,10,5000,,0.029296875,RFECA_SVR(k=5),"KNN(k=5,dist)",0.7057575081677976,0.6914800654508626,0.0142774427169349,0.0085819586667536,0.0204657878740839,0.9636363636363636,0.015625
metabric,mcar,0.1,rmse,False,16.0,0.275390625,10,5000,,0.275390625,RFECA_SVR(k=10),"KNN(k=5,dist)",0.6890601949888076,0.6914800654508626,-0.0024198704620551,-0.0075246741502393,0.0026870118549655,-0.4181818181818182,0.275390625
metabric,mcar,0.1,rmse,False,12.0,0.130859375,10,5000,,0.26171875,RFECA_SVR(k=20),"KNN(k=5,dist)",0.6858574707692758,0.6914800654508626,-0.0056225946815867,-0.0116819473166112,0.0004998559533141,-0.5636363636363637,0.26171875
metabric,mcar,0.2,rmse,False,0.0,0.001953125,10,5000,,0.029296875,RFECA_SVR(k=5),SimpleMean,0.7231464675236974,1.0675325388276042,-0.3443860713039068,-0.3495120843449186,-0.3394390098721754,-1.0,0.015625
metabric,mcar,0.2,rmse,False,0.0,0.001953125,10,5000,,0.029296875,RFECA_SVR(k=10),SimpleMean,0.7059020033174648,1.0675325388276042,-0.3616305355101393,-0.3648137303785811,-0.358595410436038,-1.0,0.015625
metabric,mcar,0.2,rmse,False,0.0,0.001953125,10,5000,,0.029296875,RFECA_SVR(k=20),SimpleMean,0.7059426056470143,1.0675325388276042,-0.3615899331805898,-0.3643990679830043,-0.3585550193084948,-1.0,0.015625
metabric,mcar,0.2,rmse,False,0.0,0.001953125,10,5000,,0.029296875,RFECA_SVR(k=5),"KNN(k=5,dist)",0.7231464675236974,0.7095707550674925,0.0135757124562048,0.0095368232128009,0.0175225396948016,1.0,0.015625
metabric,mcar,0.2,rmse,False,12.0,0.130859375,10,5000,,0.392578125,RFECA_SVR(k=10),"KNN(k=5,dist)",0.7059020033174648,0.7095707550674925,-0.0036687517500276,-0.0073847568828199,0.0001248201406597,-0.5636363636363637,0.26171875
metabric,mcar,0.2,rmse,False,12.0,0.130859375,10,5000,,0.392578125,RFECA_SVR(k=20),"KNN(k=5,dist)",0.7059426056470143,0.7095707550674925,-0.0036281494204782,-0.0072300772527285,0.0003116088204328,-0.5636363636363637,0.26171875
metabric,mcar,0.3,rmse,False,0.0,0.001953125,10,5000,,0.029296875,RFECA_SVR(k=5),SimpleMean,0.7433308152272196,1.068808469877248,-0.3254776546500283,-0.3284451692148097,-0.3227349020531822,-1.0,0.015625
metabric,mcar,0.3,rmse,False,0.0,0.001953125,10,5000,,0.029296875,RFECA_SVR(k=10),SimpleMean,0.7293349315575418,1.068808469877248,-0.339473538319706,-0.3425706369845339,-0.336494755882143,-1.0,0.015625
metabric,mcar,0.3,rmse,False,0.0,0.001953125,10,5000,,0.029296875,RFECA_SVR(k=20),SimpleMean,0.7360615266759072,1.068808469877248,-0.3327469432013407,-0.3366329597513398,-0.3291341233035614,-1.0,0.015625
metabric,mcar,0.3,rmse,False,0.0,0.001953125,10,5000,,0.029296875,RFECA_SVR(k=5),"KNN(k=5,dist)",0.7433308152272196,0.7335889223533446,0.009741892873875,0.0062959444094447,0.0139330282971573,1.0,0.015625
metabric,mcar,0.3,rmse,False,6.0,0.02734375,10,5000,,0.0546875,RFECA_SVR(k=10),"KNN(k=5,dist)",0.7293349315575418,0.7335889223533446,-0.0042539907958027,-0.0067873851926157,-0.0016715125106991,-0.7818181818181819,0.0546875
metabric,mcar,0.3,rmse,False,11.0,0.10546875,10,5000,,0.10546875,RFECA_SVR(k=20),"KNN(k=5,dist)",0.7360615266759072,0.7335889223533446,0.0024726043225626,-0.000171288901789,0.0050058599814053,0.6000000000000001,0.10546875
metabric,mcar,0.05,corr_rv,True,0.0,0.001953125,10,5000,,0.029296875,RFECA_SVR(k=5),SimpleMean,0.9993813614743444,0.9985714920820682,0.0008098693922764,0.0007665749831547,0.0008525049582898,1.0,0.015625
metabric,mcar,0.05,corr_rv,True,0.0,0.001953125,10,5000,,0.029296875,RFECA_SVR(k=10),SimpleMean,0.9994263158697696,0.9985714920820682,0.0008548237877013,0.0008101472879596,0.0008980097158831,1.0,0.015625
metabric,mcar,0.05,corr_rv,True,0.0,0.001953125,10,5000,,0.029296875,RFECA_SVR(k=20),SimpleMean,0.9994486358123824,0.9985714920820682,0.0008771437303144,0.0008408406803679,0.0009144533639526,1.0,0.015625
metabric,mcar,0.05,corr_rv,True,0.0,0.001953125,10,5000,,0.029296875,RFECA_SVR(k=5),"KNN(k=5,dist)",0.9993813614743444,0.9994371221355808,-5.576066123621493e-05,-7.111053920639071e-05,-4.135407589339752e-05,-1.0,0.015625
metabric,mcar,0.05,corr_rv,True,13.0,0.16015625,10,5000,,0.3203125,RFECA_SVR(k=10),"KNN(k=5,dist)",0.9994263158697696,0.9994371221355808,-1.0806265811325045e-05,-2.202780149209077e-05,1.2338680780060728e-06,-0.5272727272727273,0.3203125
metabric,mcar,0.05,corr_rv,True,16.0,0.275390625,10,5000,,0.3203125,RFECA_SVR(k=20),"KNN(k=5,dist)",0.9994486358123824,0.9994371221355808,1.151367680178872e-05,-5.828147619806845e-06,2.8379069395632894e-05,0.4181818181818182,0.3203125
metabric,mcar,0.1,corr_rv,True,0.0,0.001953125,10,5000,,0.029296875,RFECA_SVR(k=5),SimpleMean,0.9985293604097596,0.996612494297328,0.0019168661124319,0.0018410533053033,0.0019936382720855,1.0,0.015625
metabric,mcar,0.1,corr_rv,True,0.0,0.001953125,10,5000,,0.029296875,RFECA_SVR(k=10),SimpleMean,0.9986628614222304,0.996612494297328,0.0020503671249025,0.0019715213357798,0.002132950873273,1.0,0.015625
metabric,mcar,0.1,corr_rv,True,0.0,0.001953125,10,5000,,0.029296875,RFECA_SVR(k=20),SimpleMean,0.9987456566432924,0.996612494297328,0.0021331623459645,0.0020628364202675,0.0022131017694991,1.0,0.015625
metabric,mcar,0.1,corr_rv,True,0.0,0.001953125,10,5000,,0.029296875,RFECA_SVR(k=5),"KNN(k=5,dist)",0.9985293604097596,0.9987166407340518,-0.0001872803242918,-0.0002321415556328,-0.000143365687591,-1.0,0.015625
metabric,mcar,0.1,corr_rv,True,8.0,0.048828125,10,5000,,0.09765625,RFECA_SVR(k=10),"KNN(k=5,dist)",0.9986628614222304,0.9987166407340518,-5.377931182126705e-05,-9.225607514816214e-05,-1.3285261720938356e-05,-0.7090909090909091,0.09765625
metabric,mcar,0.1,corr_rv,True,16.0,0.275390625,10,5000,,0.275390625,RFECA_SVR(k=20),"KNN(k=5,dist)",0.9987456566432924,0.9987166407340518,2.901590924069275e-05,-1.3461983265835843e-05,7.116172560306582e-05,0.4181818181818182,0.275390625
metabric,mcar,0.2,corr_rv,True,0.0,0.001953125,10,5000,,0.029296875,RFECA_SVR(k=5),SimpleMean,0.9962548502595416,0.9903330879887284,0.005921762270813,0.0055914001570382,0.0062520932962711,1.0,0.015625
metabric,mcar,0.2,corr_rv,True,0.0,0.001953125,10,5000,,0.029296875,RFECA_SVR(k=10),SimpleMean,0.9965909314014978,0.9903330879887284,0.0062578434127692,0.0059454328392566,0.0065879256258731,1.0,0.015625
metabric,mcar,0.2,corr_rv,True,0.0,0.001953125,10,5000,,0.029296875,RFECA_SVR(k=20),SimpleMean,0.9968489212066768,0.9903330879887284,0.0065158332179482,0.0062205328292586,0.0068198340883169,1.0,0.015625
metabric,mcar,0.2,corr_rv,True,0.0,0.001953125,10,5000,,0.029296875,RFECA_SVR(k=5),"KNN(k=5,dist)",0.9962548502595416,0.9969743661175772,-0.0007195158580357,-0.00077791044129,-0.0006619313587449,-1.0,0.015625
metabric,mcar,0.2,corr_rv,True,0.0,0.001953125,10,5000,,0.029296875,RFECA_SVR(k=10),"KNN(k=5,dist)",0.9965909314014978,0.9969743661175772,-0.0003834347160795,-0.0004685134353704,-0.0002980709830916,-1.0,0.015625
metabric,mcar,0.2,corr_rv,True,5.0,0.01953125,10,5000,,0.029296875,RFECA_SVR(k=20),"KNN(k=5,dist)",0.9968489212066768,0.9969743661175772,-0.0001254449109004,-0.0001971420061674,-5.876352913071703e-05,-0.8181818181818181,0.01953125
metabric,mcar,0.3,corr_rv,True,0.0,0.001953125,10,5000,,0.029296875,RFECA_SVR(k=5),SimpleMean,0.9930525068504292,0.9795621827478052,0.0134903241026243,0.0132545841253885,0.0136842531266833,1.0,0.015625
metabric,mcar,0.3,corr_rv,True,0.0,0.001953125,10,5000,,0.029296875,RFECA_SVR(k=10),SimpleMean,0.9936388041852792,0.9795621827478052,0.0140766214374743,0.0138073663353001,0.0143208732261048,1.0,0.015625
metabric,mcar,0.3,corr_rv,True,0.0,0.001953125,10,5000,,0.029296875,RFECA_SVR(k=20),SimpleMean,0.9941441473759676,0.9795621827478052,0.0145819646281625,0.0142798877115521,0.0148682841027769,1.0,0.015625
metabric,mcar,0.3,corr_rv,True,0.0,0.001953125,10,5000,,0.029296875,RFECA_SVR(k=5),"KNN(k=5,dist)",0.9930525068504292,0.9945285305584186,-0.0014760237079892,-0.0016658356029485,-0.0013124316012244,-1.0,0.015625
metabric,mcar,0.3,corr_rv,True,0.0,0.001953125,10,5000,,0.029296875,RFECA_SVR(k=10),"KNN(k=5,dist)",0.9936388041852792,0.9945285305584186,-0.0008897263731392,-0.0010489577986946,-0.0007323538504269,-1.0,0.015625
metabric,mcar,0.3,corr_rv,True,2.0,0.005859375,10,5000,,0.029296875,RFECA_SVR(k=20),"KNN(k=5,dist)",0.9941441473759676,0.9945285305584186,-0.000384383182451,-0.0005717346130363,-0.0002020585894965,-0.9272727272727272,0.015625
metabric,mar,0.05,f1_macro,True,18.0,0.375,10,5000,,1.0,RFECA_SVR(k=5),SimpleMean,0.8801272587714714,0.8807230463647768,-0.0005957875933053,-0.0028678829010342,0.0022651634485993,-0.3454545454545454,1.0
metabric,mar,0.05,f1_macro,True,18.0,0.375,10,5000,,1.0,RFECA_SVR(k=10),SimpleMean,0.8812410534187956,0.8807230463647768,0.0005180070540189,-0.0013848329734346,0.0024581272224597,0.3454545454545454,1.0
metabric,mar,0.05,f1_macro,True,25.0,0.845703125,10,5000,,1.0,RFECA_SVR(k=20),SimpleMean,0.8816077162833883,0.8807230463647768,0.0008846699186116,-0.0019594307540218,0.0047903543097725,-0.0909090909090909,1.0
metabric,mar,0.05,f1_macro,True,26.0,0.921875,10,5000,,1.0,RFECA_SVR(k=5),"KNN(k=5,dist)",0.8801272587714714,0.8803363082962823,-0.0002090495248109,-0.0019948724415243,0.0017194753347022,-0.0545454545454545,1.0
metabric,mar,0.05,f1_macro,True,21.0,0.556640625,10,5000,,1.0,RFECA_SVR(k=10),"KNN(k=5,dist)",0.8812410534187956,0.8803363082962823,0.0009047451225133,-0.0012673748887609,0.0030514436671241,0.2363636363636363,1.0
metabric,mar,0.05,f1_macro,True,20.0,0.4921875,10,5000,,1.0,RFECA_SVR(k=20),"KNN(k=5,dist)",0.8816077162833883,0.8803363082962823,0.001271407987106,-0.0011883348584437,0.0037107332755698,0.2727272727272727,1.0
metabric,mar,0.1,f1_macro,True,8.0,0.048828125,10,5000,,0.68359375,RFECA_SVR(k=5),SimpleMean,0.8787595376156411,0.8743290626841953,0.0044304749314457,0.0010839935134236,0.007497743900414,0.709090909090909,0.341796875
metabric,mar,0.1,f1_macro,True,13.0,0.16015625,10,5000,,1.0,RFECA_SVR(k=10),SimpleMean,0.8768648126699196,0.8743290626841953,0.0025357499857243,-0.0012902593617204,0.0057749133041246,0.5272727272727273,0.80078125
metabric,mar,0.1,f1_macro,True,10.0,0.083984375,10,5000,,1.0,RFECA_SVR(k=20),SimpleMean,0.8779987803856862,0.8743290626841953,0.003669717701491,-8.297510591392735e-05,0.0069162117770342,0.6363636363636365,0.50390625
metabric,mar,0.1,f1_macro,True,15.0,0.232421875,10,5000,,1.0,RFECA_SVR(k=5),"KNN(k=5,dist)",0.8787595376156411,0.8778545991857504,0.0009049384298907,-0.0009822264103554,0.0024867976031122,0.4545454545454546,0.9296875
metabric,mar,0.1,f1_macro,True,18.0,0.375,10,5000,,1.0,RFECA_SVR(k=10),"KNN(k=5,dist)",0.8768648126699196,0.8778545991857504,-0.0009897865158306,-0.0028960651173579,0.0007429095985591,-0.3454545454545454,0.966796875
metabric,mar,0.1,f1_macro,True,25.0,0.845703125,10,5000,,1.0,RFECA_SVR(k=20),"KNN(k=5,dist)",0.8779987803856862,0.8778545991857504,0.000144181199936,-0.002290172297468,0.0025586846307046,0.0909090909090908,0.966796875
metabric,mar,0.2,f1_macro,True,0.0,0.001953125,10,5000,,0.029296875,RFECA_SVR(k=5),SimpleMean,0.8708808668237511,0.8635717320954566,0.0073091347282945,0.0049444892515329,0.0099213303436063,1.0,0.015625
metabric,mar,0.2,f1_macro,True,1.0,0.00390625,10,5000,,0.046875,RFECA_SVR(k=10),SimpleMean,0.8709077508526741,0.8635717320954566,0.0073360187572175,0.0038672690187053,0.0112298081070421,0.9636363636363636,0.0234375
metabric,mar,0.2,f1_macro,True,0.0,0.001953125,10,5000,,0.029296875,RFECA_SVR(k=20),SimpleMean,0.8710153657068591,0.8635717320954566,0.0074436336114025,0.0045234423125546,0.0112054988562423,1.0,0.015625
metabric,mar,0.2,f1_macro,True,18.0,0.375,10,5000,,1.0,RFECA_SVR(k=5),"KNN(k=5,dist)",0.8708808668237511,0.8721681465435436,-0.0012872797197926,-0.0035696642960964,0.0011662085924804,-0.3454545454545454,1.0
metabric,mar,0.2,f1_macro,True,16.0,0.275390625,10,5000,,1.0,RFECA_SVR(k=10),"KNN(k=5,dist)",0.8709077508526741,0.8721681465435436,-0.0012603956908696,-0.0042743011334196,0.0022867545099221,-0.4181818181818182,1.0
metabric,mar,0.2,f1_macro,True,19.0,0.431640625,10,5000,,1.0,RFECA_SVR(k=20),"KNN(k=5,dist)",0.8710153657068591,0.8721681465435436,-0.0011527808366846,-0.004150699800992,0.0025333953124666,-0.3090909090909091,1.0
metabric,mar,0.3,f1_macro,True,3.0,0.009765625,10,5000,,0.087890625,RFECA_SVR(k=5),SimpleMean,0.8557480643509361,0.8480200851951301,0.0077279791558062,0.0031354258235025,0.0128668820003032,0.8909090909090909,0.01953125
metabric,mar,0.3,f1_macro,True,0.0,0.001953125,10,5000,,0.029296875,RFECA_SVR(k=10),SimpleMean,0.8576248921493402,0.8480200851951301,0.0096048069542103,0.0052001689099859,0.014528622179787,1.0,0.015625
metabric,mar,0.3,f1_macro,True,3.0,0.009765625,10,5000,,0.087890625,RFECA_SVR(k=20),SimpleMean,0.8585895875390565,0.8480200851951301,0.0105695023439263,0.0048435033684722,0.0171093900691745,0.8909090909090909,0.01953125
metabric,mar,0.3,f1_macro,True,0.0,0.001953125,10,5000,,0.029296875,RFECA_SVR(k=5),"KNN(k=5,dist)",0.8557480643509361,0.848245423395533,0.0075026409554031,0.0042550634429359,0.0113327599679953,1.0,0.015625
metabric,mar,0.3,f1_macro,True,1.0,0.00390625,10,5000,,0.04296875,RFECA_SVR(k=10),"KNN(k=5,dist)",0.8576248921493402,0.848245423395533,0.0093794687538071,0.0051590143110899,0.0139397400071485,0.9636363636363636,0.015625
metabric,mar,0.3,f1_macro,True,2.0,0.005859375,10,5000,,0.05859375,RFECA_SVR(k=20),"KNN(k=5,dist)",0.8585895875390565,0.848245423395533,0.0103441641435231,0.0057217210984084,0.0146646553180645,0.9272727272727272,0.017578125
metabric,mar,0.05,rmse,False,0.0,0.001953125,10,5000,,0.029296875,RFECA_SVR(k=5),SimpleMean,0.7213461886337341,1.1688933346254948,-0.4475471459917607,-0.4580990657786012,-0.4358480866916343,-1.0,0.015625
metabric,mar,0.05,rmse,False,0.0,0.001953125,10,5000,,0.029296875,RFECA_SVR(k=10),SimpleMean,0.7054996376019977,1.1688933346254948,-0.4633936970234971,-0.4721243405107684,-0.4540733538734198,-1.0,0.015625
metabric,mar,0.05,rmse,False,0.0,0.001953125,10,5000,,0.029296875,RFECA_SVR(k=20),SimpleMean,0.7002640860420702,1.1688933346254948,-0.4686292485834246,-0.4759399591824587,-0.460795955159487,-1.0,0.015625
metabric,mar,0.05,rmse,False,0.0,0.001953125,10,5000,,0.029296875,RFECA_SVR(k=5),"KNN(k=5,dist)",0.7213461886337341,0.699695891558898,0.021650297074836,0.0154861308366813,0.0283408491393685,1.0,0.015625
metabric,mar,0.05,rmse,False,9.0,0.064453125,10,5000,,0.12890625,RFECA_SVR(k=10),"KNN(k=5,dist)",0.7054996376019977,0.699695891558898,0.0058037460430997,0.0008156062170779,0.010966719821816,0.6727272727272726,0.12890625
metabric,mar,0.05,rmse,False,23.0,0.6953125,10,5000,,0.6953125,RFECA_SVR(k=20),"KNN(k=5,dist)",0.7002640860420702,0.699695891558898,0.0005681944831722,-0.0047658841818605,0.0071559491631677,-0.1636363636363637,0.6953125
metabric,mar,0.1,rmse,False,0.0,0.001953125,10,5000,,0.029296875,RFECA_SVR(k=5),SimpleMean,0.7413737203136193,1.1602141435329831,-0.4188404232193639,-0.4237319757619194,-0.4134122319338639,-1.0,0.015625
metabric,mar,0.1,rmse,False,0.0,0.001953125,10,5000,,0.029296875,RFECA_SVR(k=10),SimpleMean,0.7191646774100003,1.1602141435329831,-0.4410494661229828,-0.4457556490820749,-0.4359695460992689,-1.0,0.015625
metabric,mar,0.1,rmse,False,0.0,0.001953125,10,5000,,0.029296875,RFECA_SVR(k=20),SimpleMean,0.717180193815534,1.1602141435329831,-0.443033949717449,-0.4481726424603798,-0.4379014813491685,-1.0,0.015625
metabric,mar,0.1,rmse,False,0.0,0.001953125,10,5000,,0.029296875,RFECA_SVR(k=5),"KNN(k=5,dist)",0.7413737203136193,0.7098662056262381,0.031507514687381,0.0273999386002484,0.0358721218246381,1.0,0.015625
metabric,mar,0.1,rmse,False,0.0,0.001953125,10,5000,,0.029296875,RFECA_SVR(k=10),"KNN(k=5,dist)",0.7191646774100003,0.7098662056262381,0.0092984717837621,0.0061007570872673,0.0127419682755806,1.0,0.015625
metabric,mar,0.1,rmse,False,1.0,0.00390625,10,5000,,0.029296875,RFECA_SVR(k=20),"KNN(k=5,dist)",0.717180193815534,0.7098662056262381,0.0073139881892959,0.0039087352389506,0.0110553360602545,0.9636363636363636,0.015625
metabric,mar,0.2,rmse,False,0.0,0.001953125,10,5000,,0.029296875,RFECA_SVR(k=5),SimpleMean,0.7872681454981779,1.1491114075405715,-0.3618432620423935,-0.3664476715497754,-0.3575204572183367,-1.0,0.015625
metabric,mar,0.2,rmse,False,0.0,0.001953125,10,5000,,0.029296875,RFECA_SVR(k=10),SimpleMean,0.7637784680682839,1.1491114075405715,-0.3853329394722875,-0.3896447117476881,-0.3806285075164013,-1.0,0.015625
metabric,mar,0.2,rmse,False,0.0,0.001953125,10,5000,,0.029296875,RFECA_SVR(k=20),SimpleMean,0.767282303725871,1.1491114075405715,-0.3818291038147003,-0.3860432657456119,-0.3774739928071219,-1.0,0.015625
metabric,mar,0.2,rmse,False,0.0,0.001953125,10,5000,,0.029296875,RFECA_SVR(k=5),"KNN(k=5,dist)",0.7872681454981779,0.7507455341014431,0.0365226113967348,0.0271797699841369,0.0456976133633236,1.0,0.015625
metabric,mar,0.2,rmse,False,5.0,0.01953125,10,5000,,0.029296875,RFECA_SVR(k=10),"KNN(k=5,dist)",0.7637784680682839,0.7507455341014431,0.0130329339668407,0.0043879930895742,0.0212019750757972,0.8181818181818181,0.01953125
metabric,mar,0.2,rmse,False,3.0,0.009765625,10,5000,,0.029296875,RFECA_SVR(k=20),"KNN(k=5,dist)",0.767282303725871,0.7507455341014431,0.0165367696244278,0.0079957973628286,0.0249880115704381,0.8909090909090909,0.01953125
metabric,mar,0.3,rmse,False,0.0,0.001953125,10,5000,,0.029296875,RFECA_SVR(k=5),SimpleMean,0.8350534197823981,1.143003217234177,-0.3079497974517788,-0.3117651775295142,-0.3043659210351822,-1.0,0.015625
metabric,mar,0.3,rmse,False,0.0,0.001953125,10,5000,,0.029296875,RFECA_SVR(k=10),SimpleMean,0.8100384200337606,1.143003217234177,-0.3329647972004163,-0.3353195868203309,-0.3306285627314375,-1.0,0.015625
metabric,mar,0.3,rmse,False,0.0,0.001953125,10,5000,,0.029296875,RFECA_SVR(k=20),SimpleMean,0.8155719327206805,1.143003217234177,-0.3274312845134964,-0.3302713336027927,-0.3244003805149232,-1.0,0.015625
metabric,mar,0.3,rmse,False,3.0,0.009765625,10,5000,,0.029296875,RFECA_SVR(k=5),"KNN(k=5,dist)",0.8350534197823981,0.856710260394444,-0.0216568406120456,-0.0343946467765379,-0.0098150352067067,-0.8909090909090909,0.015625
metabric,mar,0.3,rmse,False,0.0,0.001953125,10,5000,,0.029296875,RFECA_SVR(k=10),"KNN(k=5,dist)",0.8100384200337606,0.856710260394444,-0.0466718403606831,-0.0580746405792098,-0.0367655321898206,-1.0,0.015625
metabric,mar,0.3,rmse,False,0.0,0.001953125,10,5000,,0.029296875,RFECA_SVR(k=20),"KNN(k=5,dist)",0.8155719327206805,0.856710260394444,-0.0411383276737632,-0.0529996198158356,-0.0314922618841034,-1.0,0.015625
metabric,mar,0.05,corr_rv,True,0.0,0.001953125,10,5000,,0.029296875,RFECA_SVR(k=5),SimpleMean,0.9992451360003856,0.997764744198776,0.0014803918016093,0.0013963644151188,0.0015686460560242,1.0,0.015625
metabric,mar,0.05,corr_rv,True,0.0,0.001953125,10,5000,,0.029296875,RFECA_SVR(k=10),SimpleMean,0.9992936555593148,0.997764744198776,0.0015289113605384,0.0014473935467083,0.0016124193963043,1.0,0.015625
metabric,mar,0.05,corr_rv,True,0.0,0.001953125,10,5000,,0.029296875,RFECA_SVR(k=20),SimpleMean,0.9993210733502712,0.997764744198776,0.0015563291514948,0.0014813486914418,0.0016301635351597,1.0,0.015625
metabric,mar,0.05,corr_rv,True,0.0,0.001953125,10,5000,,0.029296875,RFECA_SVR(k=5),"KNN(k=5,dist)",0.9992451360003856,0.9993058780812966,-6.074208091104705e-05,-7.558898938316877e-05,-4.700036359565424e-05,-1.0,0.015625
metabric,mar,0.05,corr_rv,True,15.0,0.232421875,10,5000,,0.232421875,RFECA_SVR(k=10),"KNN(k=5,dist)",0.9992936555593148,0.9993058780812966,-1.222252198190832e-05,-2.7303989232354275e-05,9.895297630982402e-07,-0.4545454545454546,0.232421875
metabric,mar,0.05,corr_rv,True,9.0,0.064453125,10,5000,,0.12890625,RFECA_SVR(k=20),"KNN(k=5,dist)",0.9993210733502712,0.9993058780812966,1.5195268974488308e-05,7.115702866455961e-07,2.7956711546874293e-05,0.6727272727272726,0.12890625
metabric,mar,0.1,corr_rv,True,0.0,0.001953125,10,5000,,0.029296875,RFECA_SVR(k=5),SimpleMean,0.9982069623234302,0.9942925728728254,0.0039143894506049,0.0037645910088088,0.004044466165736,1.0,0.015625
metabric,mar,0.1,corr_rv,True,0.0,0.001953125,10,5000,,0.029296875,RFECA_SVR(k=10),SimpleMean,0.9983846503651442,0.9942925728728254,0.0040920774923189,0.0039356913667394,0.0042194942197457,1.0,0.015625
metabric,mar,0.1,corr_rv,True,0.0,0.001953125,10,5000,,0.029296875,RFECA_SVR(k=20),SimpleMean,0.998448242547688,0.9942925728728254,0.0041556696748628,0.0039936040503228,0.004302810908361,1.0,0.015625
metabric,mar,0.1,corr_rv,True,0.0,0.001953125,10,5000,,0.029296875,RFECA_SVR(k=5),"KNN(k=5,dist)",0.9982069623234302,0.9984620111159136,-0.0002550487924835,-0.000292236281082,-0.000213948418836,-1.0,0.015625
metabric,mar,0.1,corr_rv,True,0.0,0.001953125,10,5000,,0.029296875,RFECA_SVR(k=10),"KNN(k=5,dist)",0.9983846503651442,0.9984620111159136,-7.736075076952842e-05,-0.0001031830189067,-5.386418252707997e-05,-1.0,0.015625
metabric,mar,0.1,corr_rv,True,24.0,0.76953125,10,5000,,0.76953125,RFECA_SVR(k=20),"KNN(k=5,dist)",0.998448242547688,0.9984620111159136,-1.376856822568051e-05,-6.751527792718481e-05,3.494650674744721e-05,-0.1272727272727273,0.76953125
metabric,mar,0.2,corr_rv,True,0.0,0.001953125,10,5000,,0.029296875,RFECA_SVR(k=5),SimpleMean,0.9953430321793106,0.9830501684053312,0.0122928637739792,0.0120283572146913,0.0125856798052036,1.0,0.015625
metabric,mar,0.2,corr_rv,True,0.0,0.001953125,10,5000,,0.029296875,RFECA_SVR(k=10),SimpleMean,0.9958903125169472,0.9830501684053312,0.012840144111616,0.0125530847234122,0.0131443005206667,1.0,0.015625
metabric,mar,0.2,corr_rv,True,0.0,0.001953125,10,5000,,0.029296875,RFECA_SVR(k=20),SimpleMean,0.9959980552093294,0.9830501684053312,0.0129478868039979,0.0126365602277844,0.0132838045566294,1.0,0.015625
metabric,mar,0.2,corr_rv,True,0.0,0.001953125,10,5000,,0.029296875,RFECA_SVR(k=5),"KNN(k=5,dist)",0.9953430321793106,0.9961800963159358,-0.0008370641366253,-0.0009726217368609,-0.0007035356662105,-1.0,0.015625
metabric,mar,0.2,corr_rv,True,2.0,0.005859375,10,5000,,0.029296875,RFECA_SVR(k=10),"KNN(k=5,dist)",0.9958903125169472,0.9961800963159358,-0.0002897837989885,-0.000388682970779,-0.0001708682968755,-0.9272727272727272,0.015625
metabric,mar,0.2,corr_rv,True,7.0,0.037109375,10,5000,,0.0546875,RFECA_SVR(k=20),"KNN(k=5,dist)",0.9959980552093294,0.9961800963159358,-0.0001820411066066,-0.0003297095697925,-3.537083986509176e-05,-0.7454545454545455,0.037109375
metabric,mar,0.3,corr_rv,True,0.0,0.001953125,10,5000,,0.029296875,RFECA_SVR(k=5),SimpleMean,0.9909994644331804,0.966421453522794,0.0245780109103864,0.023963916552456,0.0252109382170458,1.0,0.015625
metabric,mar,0.3,corr_rv,True,0.0,0.001953125,10,5000,,0.029296875,RFECA_SVR(k=10),SimpleMean,0.9919643916604056,0.966421453522794,0.0255429381376115,0.0250095887480108,0.0260699049882942,1.0,0.015625
metabric,mar,0.3,corr_rv,True,0.0,0.001953125,10,5000,,0.029296875,RFECA_SVR(k=20),SimpleMean,0.9922312231768948,0.966421453522794,0.0258097696541009,0.0253096504364188,0.026282034158081,1.0,0.015625
metabric,mar,0.3,corr_rv,True,3.0,0.009765625,10,5000,,0.0390625,RFECA_SVR(k=5),"KNN(k=5,dist)",0.9909994644331804,0.9924434633760824,-0.0014439989429019,-0.0021522574140751,-0.0006836626637293,-0.8909090909090909,0.029296875
metabric,mar,0.3,corr_rv,True,15.0,0.232421875,10,5000,,0.46484375,RFECA_SVR(k=10),"KNN(k=5,dist)",0.9919643916604056,0.9924434633760824,-0.0004790717156768,-0.0011153590287772,0.0002127005706395,-0.4545454545454546,0.46484375
metabric,mar,0.3,corr_rv,True,20.0,0.4921875,10,5000,,0.4921875,RFECA_SVR(k=20),"KNN(k=5,dist)",0.9922312231768948,0.9924434633760824,-0.0002122401991875,-0.0008171799746974,0.0004734094050729,-0.2727272727272727,0.4921875
