imputer,missing_rate,rmse_mean,rmse_std,mae_mean,mae_std,n_rows,n_masked_total,corr_frobenius_mean,corr_frobenius_std,corr_frobenius_rel_mean,corr_frobenius_rel_std,corr_mae_offdiag_mean,corr_mae_offdiag_std,corr_rv_mean,corr_rv_std
"KNN(k=5,dist)",0.0,,,,,0,0,5.843034754064123e-15,3.3544656355529605e-16,3.033166265497967e-16,1.8745210526620154e-17,7.430871438652978e-17,4.525730851363054e-18,1.0000000000000002,1.3826714197523217e-16
"KNN(k=5,dist)",0.05,0.6795133633865713,0.03148441212450405,0.46343720996496457,0.02002822863194734,50,40200,0.6706870926512001,0.05619381032775515,0.03481662428626326,0.0030355279018509057,0.010327159152022283,0.0008222178850036759,0.9994371221355807,9.448625353087368e-05
"KNN(k=5,dist)",0.1,0.6914800654508626,0.020906307970293393,0.46899634151055203,0.01228041035665017,50,80400,1.0493656805326261,0.08549477124180026,0.05444658385926375,0.004258374226812195,0.016504514148610344,0.0012624296581523215,0.9987166407340515,0.00019530780707518417
"KNN(k=5,dist)",0.2,0.7095707550674925,0.0186667783060138,0.4818204136789231,0.010495679882808398,50,160800,1.7192018067333243,0.13506434047693947,0.08924308767827643,0.007313041448997758,0.027833023684196823,0.0022195907675041137,0.9969743661175774,0.00045630786432398037
"KNN(k=5,dist)",0.3,0.7335889223533445,0.01752340262883717,0.49920992254852836,0.010017040545982648,50,241200,2.3931592087662144,0.18309083495881173,0.12421567068686289,0.00976157933484282,0.03922220300439385,0.0030924286266947854,0.9945285305584186,0.0007656790097537753
MissForest,0.0,,,,,0,0,5.843034754064123e-15,3.3544656355529605e-16,3.033166265497967e-16,1.8745210526620154e-17,7.430871438652978e-17,4.525730851363054e-18,1.0000000000000002,1.3826714197523217e-16
MissForest,0.05,0.6172462402652915,0.031785186915001054,0.4148154332768301,0.01795285263596754,50,40200,0.6297401596129069,0.05464653602080615,0.03269187169395933,0.0029585135899590684,0.009724469263368847,0.0007954553794368121,0.9995316108810927,7.955052395598485e-05
MissForest,0.1,0.6236001728353093,0.01778283724970835,0.4167330030561189,0.009983464129921177,50,80400,0.9961777978726842,0.07579731154366681,0.051693219854475496,0.003848086902085784,0.015762670218778592,0.0011226356605445638,0.9989516647384129,0.00014859103057099585
MissForest,0.2,0.6371393598958994,0.01665162611851515,0.42597991083370496,0.008827549373507092,50,160800,1.6487497236182003,0.11260141991314383,0.08558368360478799,0.006167370418794963,0.02700692483413964,0.0018381028245145691,0.9976544752451604,0.00032335838359609856
MissForest,0.3,0.6532032377531888,0.014464462860304107,0.4367002987725761,0.00769369583434401,50,241200,2.341151000018092,0.1503536975472302,0.12153372883062975,0.008381968021930749,0.038878100112427066,0.0026282687102365367,0.9958367736412237,0.0005482648174821392
RFECA_SVR(k=10),0.0,,,,,0,0,5.843034754064123e-15,3.3544656355529605e-16,3.033166265497967e-16,1.8745210526620154e-17,7.430871438652978e-17,4.525730851363054e-18,1.0000000000000002,1.3826714197523217e-16
RFECA_SVR(k=10),0.05,0.6778398115407647,0.03905236328536128,0.4501678953378743,0.021265767430107708,50,40200,0.6956855730728871,0.0600684241779665,0.03611527947978742,0.0032554540091335876,0.010728420071140244,0.0008608080421435992,0.9994263158697695,0.00010012151352724088
RFECA_SVR(k=10),0.1,0.6890601949888076,0.02397096154572928,0.4560836715995735,0.011878024244268042,50,80400,1.1123944698135424,0.07834357069626308,0.05772561316608853,0.0040136724954155795,0.017685792280985168,0.0011816797498496077,0.9986628614222304,0.0001827847688084894
RFECA_SVR(k=10),0.2,0.7059020033174649,0.017471842100445483,0.4700406210726005,0.00913510664784284,50,160800,1.8999144220586552,0.13433746005023137,0.0986334757382938,0.007473260215660478,0.030901201632071263,0.002172180380995607,0.9965909314014977,0.00049214393601997
RFECA_SVR(k=10),0.3,0.7293349315575418,0.01794231845183446,0.4876072122536651,0.008883715169953767,50,241200,2.6636349221529887,0.1436154412232006,0.13827929376032666,0.008341606669363063,0.043581986900742206,0.0024418109146229134,0.9936388041852794,0.0007306452249735946
RFECA_SVR(k=20),0.0,,,,,0,0,5.843034754064123e-15,3.3544656355529605e-16,3.033166265497967e-16,1.8745210526620154e-17,7.430871438652978e-17,4.525730851363054e-18,1.0000000000000002,1.3826714197523217e-16
RFECA_SVR(k=20),0.05,0.6734393084175555,0.03461506835403961,0.44791060290869106,0.019938845953392622,50,40200,0.6790502743856183,0.05569118707603208,0.0352494410444729,0.0030078059835843217,0.010446810749111423,0.000771488058299211,0.9994486358123825,9.02371171798009e-05
RFECA_SVR(k=20),0.1,0.685857470769276,0.02297884602765081,0.45451262050313845,0.011152806105890081,50,80400,1.0690275602876722,0.07664412343272493,0.05547435311551689,0.003920527385973758,0.016912261697359723,0.0011732990664387074,0.9987456566432923,0.00016725886625924003
RFECA_SVR(k=20),0.2,0.7059426056470143,0.018133616108829652,0.4705407966283598,0.009351963212756068,50,160800,1.797256107800493,0.1244062330719607,0.09328320889335405,0.006611338199304473,0.02894423121471942,0.002022567209725848,0.9968489212066768,0.00040417735576517527
RFECA_SVR(k=20),0.3,0.7360615266759072,0.017400491417681185,0.49327312401814255,0.008576959948426869,50,241200,2.4848073726071465,0.12973131754567932,0.12899380033316887,0.007535810785115879,0.04028258182336184,0.0021931549275712556,0.9941441473759676,0.0006364528602214013
RFECA_SVR(k=5),0.0,,,,,0,0,5.843034754064123e-15,3.3544656355529605e-16,3.033166265497967e-16,1.8745210526620154e-17,7.430871438652978e-17,4.525730851363054e-18,1.0000000000000002,1.3826714197523217e-16
RFECA_SVR(k=5),0.05,0.6931456736171708,0.03991391047553834,0.4603762758323252,0.020217943963825563,50,40200,0.7151414615381464,0.06417409504843115,0.03711841016651252,0.0033983851375346988,0.01104958706899307,0.0009520462678455792,0.9993813614743445,0.00011161714873244189
RFECA_SVR(k=5),0.1,0.7057575081677976,0.023025349988469397,0.4667646991945996,0.011481349331388174,50,80400,1.1450616216269867,0.07724769152873619,0.05942177934554845,0.003970092035155982,0.01817188100401966,0.001194654244458241,0.9985293604097596,0.0001971736163848772
RFECA_SVR(k=5),0.2,0.7231464675236974,0.018342062665282443,0.4815747325861956,0.008965755289063166,50,160800,1.919375821357726,0.11896207120542893,0.09964145892802426,0.0067350148209871724,0.03111771514096882,0.001934917243322461,0.9962548502595416,0.000483931223163136
RFECA_SVR(k=5),0.3,0.7433308152272196,0.017887173221129576,0.49703302914496666,0.009007298066946768,50,241200,2.648696834175081,0.17550821582014278,0.1375204181889995,0.010079916706290028,0.04311026775350257,0.0027970890805806216,0.9930525068504293,0.0010147631194837798
SimpleMean,0.0,,,,,0,0,5.843034754064123e-15,3.3544656355529605e-16,3.033166265497967e-16,1.8745210526620154e-17,7.430871438652978e-17,4.525730851363054e-18,1.0000000000000002,1.3826714197523217e-16
SimpleMean,0.05,1.0667378370555554,0.04133579689381422,0.7510738994345801,0.02682477885006764,50,40200,1.2986037689115435,0.10598648732118501,0.06737465743881745,0.005262603826286737,0.0204474317948065,0.0016744721542050042,0.9985714920820681,0.00018559049915450705
SimpleMean,0.1,1.063283952989402,0.03344553104540755,0.7468316593070492,0.021381623876843336,50,80400,2.201660194177356,0.15006794490906541,0.1142458880837653,0.007619985222414532,0.03521550017260826,0.0024196641997108036,0.9966124942973277,0.0003881182401752352
SimpleMean,0.2,1.0675325388276042,0.02350521108923981,0.7506195095902716,0.014044248025772914,50,160800,3.9995019359346724,0.20609642972146092,0.20749453376729254,0.00928751331020158,0.06428815693392174,0.0036947407767991204,0.9903330879887285,0.0009437701089168534
SimpleMean,0.3,1.0688084698772478,0.016775138041021015,0.7538805993199805,0.009972455088563698,50,241200,5.806991660516924,0.22639493736067673,0.30129944128229064,0.010003633560000403,0.09378780625979476,0.003790803541403606,0.9795621827478049,0.0016692870894536348
