cohort,mechanism,missing_rate,metric,higher_is_better,method_a,method_b,mean_a,mean_b,delta_a_minus_b,delta_ci95_low,delta_ci95_high,wilcoxon_stat,p_value,rank_biserial_r,n_pairs,n_boot,note,p_holm
cptac_2c,mcar,0.05,f1_macro,True,RFECA_SVR(k=5),RFECA_SVR(k=10),0.9209817839165666,0.9192493038362605,0.0017324800803061424,-0.005674622780601076,0.0087164211995733,23.0,0.673828125,0.1636363636363637,10,5000,,1.0
cptac_2c,mcar,0.05,f1_macro,True,RFECA_SVR(k=5),RFECA_SVR(k=20),0.9209817839165666,0.9203550350615568,0.0006267488550096955,-0.008176245765104487,0.010101732778091434,27.0,1.0,0.018181818181818188,10,5000,,1.0
cptac_2c,mcar,0.05,f1_macro,True,RFECA_SVR(k=10),RFECA_SVR(k=20),0.9192493038362605,0.9203550350615568,-0.0011057312252964469,-0.010526209297948442,0.006875068228872525,17.0,0.9453125,0.05555555555555558,10,5000,,1.0
cptac_2c,mcar,0.1,f1_macro,True,RFECA_SVR(k=5),RFECA_SVR(k=10),0.9302896608222696,0.9216713974431366,0.008618263379132952,0.000735101794340956,0.017547452004517225,5.0,0.078125,0.7222222222222222,10,5000,,0.234375
cptac_2c,mcar,0.1,f1_macro,True,RFECA_SVR(k=5),RFECA_SVR(k=20),0.9302896608222696,0.9271625982712941,0.0031270625509755567,-0.008364734299516906,0.012452976974716003,17.0,0.5546875,0.24444444444444446,10,5000,,0.8515625
cptac_2c,mcar,0.1,f1_macro,True,RFECA_SVR(k=10),RFECA_SVR(k=20),0.9216713974431366,0.9271625982712941,-0.005491200828157394,-0.015302504862287507,0.003946765794591833,15.0,0.42578125,-0.33333333333333326,10,5000,,0.8515625
cptac_2c,mcar,0.2,f1_macro,True,RFECA_SVR(k=5),RFECA_SVR(k=10),0.9027418086744176,0.902307922029661,0.00043388664475620955,-0.0056837773699730185,0.006845702395430665,25.0,0.845703125,-0.09090909090909083,10,5000,,1.0
cptac_2c,mcar,0.2,f1_macro,True,RFECA_SVR(k=5),RFECA_SVR(k=20),0.9027418086744176,0.9067789763376719,-0.004037167663254626,-0.015485925789186677,0.005430383022774319,20.0,0.8203125,-0.11111111111111116,10,5000,,1.0
cptac_2c,mcar,0.2,f1_macro,True,RFECA_SVR(k=10),RFECA_SVR(k=20),0.902307922029661,0.9067789763376719,-0.004471054308010836,-0.014382013879839927,0.004962686341436337,24.0,0.76953125,-0.1272727272727272,10,5000,,1.0
cptac_2c,mcar,0.3,f1_macro,True,RFECA_SVR(k=5),RFECA_SVR(k=10),0.9016843123060516,0.8985973454082151,0.003086966897836485,-0.013043218888599344,0.019570599810817286,16.0,0.84375,0.11111111111111116,10,5000,,1.0
cptac_2c,mcar,0.3,f1_macro,True,RFECA_SVR(k=5),RFECA_SVR(k=20),0.9016843123060516,0.9003397339375601,0.0013445783684913892,-0.01703871405164887,0.0173204533208338,23.0,0.6953125,0.1636363636363637,10,5000,,1.0
cptac_2c,mcar,0.3,f1_macro,True,RFECA_SVR(k=10),RFECA_SVR(k=20),0.8985973454082151,0.9003397339375601,-0.0017423885293450958,-0.010986469575110942,0.007535374739994307,25.0,0.845703125,-0.09090909090909083,10,5000,,1.0
cptac_2c,mcar,0.05,rmse,False,RFECA_SVR(k=5),RFECA_SVR(k=10),1.8019355319789043,1.8215748562860548,-0.019639324307150475,-0.04091596794504432,0.0009211568042460278,14.0,0.193359375,-0.49090909090909096,10,5000,,0.193359375
cptac_2c,mcar,0.05,rmse,False,RFECA_SVR(k=5),RFECA_SVR(k=20),1.8019355319789043,1.8814198921442298,-0.07948436016532537,-0.10993663190211456,-0.03816788443839997,4.0,0.013671875,-0.8545454545454545,10,5000,,0.041015625
cptac_2c,mcar,0.05,rmse,False,RFECA_SVR(k=10),RFECA_SVR(k=20),1.8215748562860548,1.8814198921442298,-0.05984503585817489,-0.0838775315251051,-0.02375265450160496,6.0,0.02734375,-0.7818181818181817,10,5000,,0.0546875
cptac_2c,mcar,0.1,rmse,False,RFECA_SVR(k=5),RFECA_SVR(k=10),1.8083404649737784,1.8152711388624219,-0.006930673888643923,-0.020781482799836496,0.00605836095147227,20.0,0.4921875,-0.2727272727272727,10,5000,,0.4921875
cptac_2c,mcar,0.1,rmse,False,RFECA_SVR(k=5),RFECA_SVR(k=20),1.8083404649737784,1.9105050502087846,-0.10216458523500611,-0.12185071004846432,-0.08043065795254505,0.0,0.001953125,-1.0,10,5000,,0.005859375
cptac_2c,mcar,0.1,rmse,False,RFECA_SVR(k=10),RFECA_SVR(k=20),1.8152711388624219,1.9105050502087846,-0.0952339113463622,-0.11861009529487594,-0.07315411908026762,0.0,0.001953125,-1.0,10,5000,,0.005859375
cptac_2c,mcar,0.2,rmse,False,RFECA_SVR(k=5),RFECA_SVR(k=10),1.9807884246272696,2.008597245048073,-0.027808820420803414,-0.04568301086288019,-0.009237795186022012,6.0,0.02734375,-0.7818181818181817,10,5000,,0.02734375
cptac_2c,mcar,0.2,rmse,False,RFECA_SVR(k=5),RFECA_SVR(k=20),1.9807884246272696,2.088108639015263,-0.10732021438799308,-0.14817908724682585,-0.0612750194001254,3.0,0.009765625,-0.8909090909090909,10,5000,,0.01953125
cptac_2c,mcar,0.2,rmse,False,RFECA_SVR(k=10),RFECA_SVR(k=20),2.008597245048073,2.088108639015263,-0.07951139396718968,-0.11389468372787087,-0.047335207223997845,1.0,0.00390625,-0.9636363636363636,10,5000,,0.01171875
cptac_2c,mcar,0.3,rmse,False,RFECA_SVR(k=5),RFECA_SVR(k=10),2.072919783458199,2.1225456653142145,-0.04962588185601528,-0.06573085829223617,-0.0331022130284419,1.0,0.00390625,-0.9636363636363636,10,5000,,0.005859375
cptac_2c,mcar,0.3,rmse,False,RFECA_SVR(k=5),RFECA_SVR(k=20),2.072919783458199,2.251180482562588,-0.17826069910438844,-0.19722672064638483,-0.15869815532194373,0.0,0.001953125,-1.0,10,5000,,0.005859375
cptac_2c,mcar,0.3,rmse,False,RFECA_SVR(k=10),RFECA_SVR(k=20),2.1225456653142145,2.251180482562588,-0.12863481724837317,-0.1522145293525391,-0.10551839819624438,0.0,0.001953125,-1.0,10,5000,,0.005859375
metabric,mcar,0.05,f1_macro,True,RFECA_SVR(k=5),RFECA_SVR(k=10),0.8835451074301796,0.8822808921451191,0.0012642152850605103,-0.001571716327215733,0.0038901714196533975,16.0,0.275390625,0.4181818181818182,10,5000,,0.826171875
metabric,mcar,0.05,f1_macro,True,RFECA_SVR(k=5),RFECA_SVR(k=20),0.8835451074301796,0.8828589042177921,0.0006862032123875483,-0.0014718892503312088,0.003311846855943847,27.0,1.0,-0.018181818181818077,10,5000,,1.0
metabric,mcar,0.05,f1_macro,True,RFECA_SVR(k=10),RFECA_SVR(k=20),0.8822808921451191,0.8828589042177921,-0.0005780120726729621,-0.00218151796422436,0.0011287387855398274,21.0,0.556640625,-0.23636363636363633,10,5000,,1.0
metabric,mcar,0.1,f1_macro,True,RFECA_SVR(k=5),RFECA_SVR(k=10),0.8770155334895996,0.8778479141048244,-0.0008323806152247815,-0.0027592843557496197,0.0010229242216619012,22.0,0.625,-0.19999999999999996,10,5000,,1.0
metabric,mcar,0.1,f1_macro,True,RFECA_SVR(k=5),RFECA_SVR(k=20),0.8770155334895996,0.8776612416259578,-0.0006457081363581474,-0.0037494035464642967,0.0017697754534528017,25.0,0.845703125,0.09090909090909094,10,5000,,1.0
metabric,mcar,0.1,f1_macro,True,RFECA_SVR(k=10),RFECA_SVR(k=20),0.8778479141048244,0.8776612416259578,0.00018667247886663407,-0.0014548122845043062,0.0016923923297829475,24.0,0.76953125,0.12727272727272732,10,5000,,1.0
metabric,mcar,0.2,f1_macro,True,RFECA_SVR(k=5),RFECA_SVR(k=10),0.8707824031518786,0.8705005445032153,0.0002818586486633912,-0.0019427507893326297,0.002373722897223379,26.0,0.921875,0.054545454545454564,10,5000,,0.921875
metabric,mcar,0.2,f1_macro,True,RFECA_SVR(k=5),RFECA_SVR(k=20),0.8707824031518786,0.8734905636873807,-0.002708160535501969,-0.005527628453156111,0.00032584476659133847,13.0,0.16015625,-0.5272727272727273,10,5000,,0.3203125
metabric,mcar,0.2,f1_macro,True,RFECA_SVR(k=10),RFECA_SVR(k=20),0.8705005445032153,0.8734905636873807,-0.00299001918416536,-0.004916020364335278,-0.0011557255395329593,5.0,0.01953125,-0.8181818181818181,10,5000,,0.05859375
metabric,mcar,0.3,f1_macro,True,RFECA_SVR(k=5),RFECA_SVR(k=10),0.8608981377578886,0.862669851872832,-0.001771714114943468,-0.004274448822280324,0.0008427170911412736,16.0,0.275390625,-0.4181818181818182,10,5000,,0.55078125
metabric,mcar,0.3,f1_macro,True,RFECA_SVR(k=5),RFECA_SVR(k=20),0.8608981377578886,0.8639685799065422,-0.0030704421486536736,-0.005138291735077412,-0.0008037527081788065,7.0,0.037109375,-0.7454545454545454,10,5000,,0.111328125
metabric,mcar,0.3,f1_macro,True,RFECA_SVR(k=10),RFECA_SVR(k=20),0.862669851872832,0.8639685799065422,-0.001298728033710206,-0.004216319843524135,0.001938540481420354,18.0,0.375,-0.34545454545454546,10,5000,,0.55078125
metabric,mcar,0.05,rmse,False,RFECA_SVR(k=5),RFECA_SVR(k=10),0.6841588820133786,0.6634448401127584,0.020714041900620206,0.017825423126487102,0.02385668194548851,0.0,0.001953125,1.0,10,5000,,0.005859375
metabric,mcar,0.05,rmse,False,RFECA_SVR(k=5),RFECA_SVR(k=20),0.6841588820133786,0.6487709661318126,0.03538791588156599,0.03243072602134102,0.03844465306637727,0.0,0.001953125,1.0,10,5000,,0.005859375
metabric,mcar,0.05,rmse,False,RFECA_SVR(k=10),RFECA_SVR(k=20),0.6634448401127584,0.6487709661318126,0.014673873980945783,0.01222605654060898,0.017043095144063197,0.0,0.001953125,1.0,10,5000,,0.005859375
metabric,mcar,0.1,rmse,False,RFECA_SVR(k=5),RFECA_SVR(k=10),0.6929634655436018,0.6737971025302023,0.019166363013399412,0.018048897659402218,0.020266361562275383,0.0,0.001953125,1.0,10,5000,,0.005859375
metabric,mcar,0.1,rmse,False,RFECA_SVR(k=5),RFECA_SVR(k=20),0.6929634655436018,0.6588264502410854,0.03413701530251628,0.0320200037950017,0.036149764721369465,0.0,0.001953125,1.0,10,5000,,0.005859375
metabric,mcar,0.1,rmse,False,RFECA_SVR(k=10),RFECA_SVR(k=20),0.6737971025302023,0.6588264502410854,0.01497065228911687,0.01252915647106294,0.017132073401175573,0.0,0.001953125,1.0,10,5000,,0.005859375
metabric,mcar,0.2,rmse,False,RFECA_SVR(k=5),RFECA_SVR(k=10),0.7166232312087637,0.6954332128668085,0.02119001834195521,0.020032097593067864,0.02230957514335363,0.0,0.001953125,1.0,10,5000,,0.005859375
metabric,mcar,0.2,rmse,False,RFECA_SVR(k=5),RFECA_SVR(k=20),0.7166232312087637,0.6835613818233464,0.03306184938541733,0.03205274054777496,0.0342561936614228,0.0,0.001953125,1.0,10,5000,,0.005859375
metabric,mcar,0.2,rmse,False,RFECA_SVR(k=10),RFECA_SVR(k=20),0.6954332128668085,0.6835613818233464,0.011871831043462122,0.010884414150754413,0.012823089023769009,0.0,0.001953125,1.0,10,5000,,0.005859375
metabric,mcar,0.3,rmse,False,RFECA_SVR(k=5),RFECA_SVR(k=10),0.7466113811842476,0.7320845513651737,0.014526829819073916,0.013453123838790122,0.015616852045955,0.0,0.001953125,1.0,10,5000,,0.005859375
metabric,mcar,0.3,rmse,False,RFECA_SVR(k=5),RFECA_SVR(k=20),0.7466113811842476,0.724341780518962,0.022269600665285515,0.021179224970213663,0.023529291694713572,0.0,0.001953125,1.0,10,5000,,0.005859375
metabric,mcar,0.3,rmse,False,RFECA_SVR(k=10),RFECA_SVR(k=20),0.7320845513651737,0.724341780518962,0.0077427708462115994,0.006872990934791334,0.008678345609896106,0.0,0.001953125,1.0,10,5000,,0.005859375
