method,mechanism,missing_rate,replicate,seed,rmse,mae,wall_seconds,svr_coverage,fallback_rate,classification,n_predictor_nans,mean_n_predictors,mean_prefix_len,fit_seconds,transform_seconds,rss_before,rss_after,workers
OriginalRFECA,MCAR,0.05,0,50042,0.6107631328917148,0.4028106636086227,6979.155082300014,1.0,0.0,A,0,21.72,43.94,6978.786118599994,0.1339968999964185,167.3984375,184.8984375,16
OriginalRFECA,MCAR,0.05,1,1050045,0.6128626735278541,0.3985806843926208,6282.6860143000085,1.0,0.0,A,0,22.66,45.78,6282.414511300012,0.11628930000006221,172.25390625,171.41796875,16
OriginalRFECA,MCAR,0.05,2,2050048,0.6267313411728871,0.4138948991892275,5972.223493700003,1.0,0.0,A,0,21.86,44.28,5971.940125699999,0.11517429997911677,158.671875,171.671875,16
OriginalRFECA,MCAR,0.05,3,3050051,0.6184607828978039,0.4136945567679597,6153.72592550001,1.0,0.0,A,0,22.26,45.02,6153.453566499986,0.11654260000796057,159.2109375,172.2890625,16
OriginalRFECA,MCAR,0.05,4,4050054,0.5943293081711918,0.3976411974523214,6132.275483399979,1.0,0.0,A,0,22.22,44.9,6131.999712399993,0.10967589999199845,159.05859375,171.95703125,16
OriginalRFECA,MCAR,0.1,0,100042,0.6252048164625302,0.41086963230270723,5214.806193000004,1.0,0.0,A,0,22.68,45.9,5214.442942900001,0.166593499998271,170.15625,191.375,16
OriginalRFECA,MCAR,0.1,1,1100045,0.6192621529081638,0.406687634547618,4955.4133449,1.0,0.0,A,0,21.74,43.9,4955.082748299996,0.17477840000356082,179.8828125,192.0546875,16
OriginalRFECA,MCAR,0.1,2,2100048,0.6089959488632618,0.4034432463788689,4905.470468499996,1.0,0.0,A,0,21.58,43.66,4905.162571600005,0.16302740000537597,180.16796875,192.0390625,16
OriginalRFECA,MCAR,0.1,3,3100051,0.6057922263981441,0.4044635073746678,4893.8647144999995,1.0,0.0,A,0,22.04,44.68,4893.550462600004,0.16624950000550598,180.328125,192.5234375,16
OriginalRFECA,MCAR,0.1,4,4100054,0.6139865059422975,0.4088212476286723,5186.896190700005,1.0,0.0,A,0,21.88,44.28,5186.586599799994,0.16201379999984056,181.31640625,192.37109375,16
OriginalRFECA,MCAR,0.2,0,200042,0.6210393322162794,0.40806372032054955,3268.3827047,1.0,0.0,A,0,20.96,42.42,3267.8183439,0.28679239999974016,166.71875,185.69921875,16
OriginalRFECA,MCAR,0.2,1,1200045,0.6144334700654961,0.40652908219453165,2880.7537009999996,1.0,0.0,A,0,21.26,42.98,2880.2590020999996,0.2646141000004718,166.58203125,185.53515625,16
OriginalRFECA,MCAR,0.2,2,2200048,0.6116540748837421,0.40303810081080643,4360.506344000001,1.0,0.0,A,0,22.04,44.56,4360.0812743999995,0.2673287999969034,175.88671875,186.94921875,16
OriginalRFECA,MCAR,0.2,3,3200051,0.6084569191693275,0.4030464685448079,4351.461679600001,1.0,0.0,A,0,21.96,44.42,4351.022248500001,0.27444050000121933,176.7109375,187.76953125,16
OriginalRFECA,MCAR,0.2,4,4200054,0.6157306886208015,0.4068909738830337,4262.3524889,1.0,0.0,A,0,21.56,43.56,4261.939780899997,0.261716000000888,177.01953125,187.81640625,16
OriginalRFECA,MCAR,0.3,0,300042,0.6160452261498978,0.4067954524160932,3484.837369700006,1.0,0.0,A,0,21.26,42.98,3484.3492386,0.33282680000411347,180.421875,190.7421875,16
OriginalRFECA,MCAR,0.3,1,1300045,0.6264848765100035,0.4111946581137224,3459.757751900004,1.0,0.0,A,0,20.28,41.08,3459.2772687000106,0.32966730000043754,181.109375,190.08203125,16
OriginalRFECA,MCAR,0.3,2,2300048,0.6181796624714604,0.4070041019690501,3488.2730516999873,1.0,0.0,A,0,20.98,42.46,3487.7609757000027,0.3542528999969363,181.59765625,190.56640625,16
OriginalRFECA,MCAR,0.3,3,3300051,0.623232086156557,0.41213198367947007,3498.1243972999946,1.0,0.0,A,0,21.8,44.16,3497.6247723999986,0.34457149999798276,181.92578125,190.953125,16
OriginalRFECA,MCAR,0.3,4,4300054,0.622379112305706,0.4103110203605412,3456.046212800007,1.0,0.0,A,0,21.56,43.58,3455.563214499998,0.3268878999951994,182.45703125,190.96484375,16
OriginalRFECA,MAR,0.05,0,67042,0.6635615178682122,0.4275745084813604,5709.582708600006,1.0,0.0,A,0,21.98,44.46,5709.317819999997,0.11263789999065921,163.08203125,175.37890625,16
OriginalRFECA,MAR,0.05,1,1067045,0.6356704993244724,0.4196426052560247,5573.340928599995,1.0,0.0,A,0,21.74,44.02,5573.085560700012,0.10769689999870025,162.56640625,175.16796875,16
OriginalRFECA,MAR,0.05,2,2067048,0.6224031618402739,0.41274703508693017,5608.724540700001,1.0,0.0,A,0,21.96,44.46,5608.460723800003,0.10462329999427311,162.71484375,175.3828125,16
OriginalRFECA,MAR,0.05,3,3067051,0.6438449255952985,0.41929999404529883,5884.011443199997,1.0,0.0,A,0,21.72,43.98,5883.760704400018,0.10329939998337068,162.80078125,175.046875,16
OriginalRFECA,MAR,0.05,4,4067054,0.6416427876974308,0.4245247847100357,5866.581194499973,1.0,0.0,A,0,21.48,43.48,5866.299108599982,0.11495700001250952,162.41796875,175.203125,16
OriginalRFECA,MAR,0.1,0,117042,0.6535050276643706,0.42752509808415373,5105.730130999989,1.0,0.0,A,0,21.5,43.54,5105.3907053999865,0.17378489999100566,181.59765625,192.546875,16
OriginalRFECA,MAR,0.1,1,1117045,0.6220266079393173,0.4135800141067745,5119.088611400002,1.0,0.0,A,0,21.64,43.7,5118.773048300005,0.16395159999956377,181.72265625,192.90625,16
OriginalRFECA,MAR,0.1,2,2117048,0.6364105257019339,0.4162120330966739,5129.693302300002,1.0,0.0,A,0,21.06,42.5,5129.385335500003,0.1612168000137899,181.2890625,192.40234375,16
OriginalRFECA,MAR,0.1,3,3117051,0.6423945365163464,0.4196148644370832,5076.405151200001,1.0,0.0,A,0,22.3,45.08,5076.085376499992,0.16701170000305865,181.94140625,193.109375,16
OriginalRFECA,MAR,0.1,4,4117054,0.6398314055674992,0.41548596185962383,4980.31203999999,1.0,0.0,A,0,21.42,43.26,4980.000528199991,0.1617989999940619,181.4140625,192.5625,16
OriginalRFECA,MAR,0.2,0,217042,0.6417125419656355,0.4197721781674413,4236.364920699998,1.0,0.0,A,0,21.0,42.4,4235.9241497,0.2834301000038977,177.19921875,188.0234375,16
OriginalRFECA,MAR,0.2,1,1217045,0.6314675165357442,0.4162248254213697,4307.929459799998,1.0,0.0,A,0,20.8,42.06,4307.497559399999,0.27348350000102073,177.5390625,176.2265625,16
OriginalRFECA,MAR,0.2,2,2217048,0.6377847399602956,0.4177898944708718,4179.666863900005,1.0,0.0,A,0,21.02,42.52,4179.259130600003,0.25626480000209995,165.25,122.6953125,16
OriginalRFECA,MAR,0.2,3,3217051,0.643394014760074,0.4212699758822335,4183.656380700006,1.0,0.0,A,0,21.44,43.44,4183.145759999999,0.2705303000038839,113.01171875,170.98828125,16
OriginalRFECA,MAR,0.2,4,4217054,0.644256137380235,0.42133195823563685,4158.024559099998,1.0,0.0,A,0,21.3,43.14,4157.576863499999,0.2886214000027394,161.40625,171.30859375,16
OriginalRFECA,MAR,0.3,0,317042,0.6390872847560543,0.41726280636670654,3320.1534656000003,1.0,0.0,A,0,20.98,42.6,3319.6624965999945,0.3278186000097776,182.58984375,191.0546875,16
OriginalRFECA,MAR,0.3,1,1317045,0.6387470392970559,0.4193931249853288,3394.5062880999903,1.0,0.0,A,0,21.26,43.08,3394.019704400009,0.334061900008237,182.1953125,191.484375,16
OriginalRFECA,MAR,0.3,2,2317048,0.6364776719153383,0.41545721206870306,3383.1915474999987,1.0,0.0,A,0,21.24,43.0,3382.6992428999947,0.34030860000348184,182.234375,191.11328125,16
OriginalRFECA,MAR,0.3,3,3317051,0.6413714646379826,0.42170295389909856,3501.818228999997,1.0,0.0,A,0,20.96,42.36,3501.271639100014,0.3814686999830883,182.109375,181.36328125,16
OriginalRFECA,MAR,0.3,4,4317054,0.6417852458191478,0.4190263910528475,3334.7386838000093,1.0,0.0,A,0,21.24,43.02,3334.2057918999926,0.367755200015381,172.38671875,175.4296875,16
