cohort,mechanism,missing_rate,metric,higher_is_better,method_a,method_b,mean_a,mean_b,delta_a_minus_b,delta_ci95_low,delta_ci95_high,wilcoxon_stat,p_value,rank_biserial_r,n_pairs,n_boot,p_holm
METABRIC,MCAR,0.05,rmse,False,Mean,KNN,1.0667378370555554,0.6795133633865713,0.38722447366898405,0.37656063902372167,0.3974445777900983,0.0,0.001953125,1.0,10,5000,0.005859375
METABRIC,MCAR,0.05,rmse,False,Mean,MissForest,1.0667378370555554,0.6172462402652915,0.44949159679026385,0.43807531208653877,0.460222453989904,0.0,0.001953125,1.0,10,5000,0.005859375
METABRIC,MCAR,0.05,rmse,False,KNN,MissForest,0.6795133633865713,0.6172462402652915,0.0622671231212798,0.05781378110878705,0.06638442113092455,0.0,0.001953125,1.0,10,5000,0.005859375
METABRIC,MCAR,0.05,mae,False,Mean,KNN,0.7510738994345802,0.4634372099649645,0.28763668946961574,0.28252527540450734,0.29314016436864965,0.0,0.001953125,1.0,10,5000,0.005859375
METABRIC,MCAR,0.05,mae,False,Mean,MissForest,0.7510738994345802,0.41481543327683007,0.3362584661577502,0.33063165220758844,0.3420152114209126,0.0,0.001953125,1.0,10,5000,0.005859375
METABRIC,MCAR,0.05,mae,False,KNN,MissForest,0.4634372099649645,0.41481543327683007,0.048621776688134444,0.04606186705039484,0.0509976162935113,0.0,0.001953125,1.0,10,5000,0.005859375
METABRIC,MCAR,0.05,corr_rv,True,Mean,KNN,0.9985714920820682,0.9994371221355808,-0.0008656300535125894,-0.0009062316132013446,-0.0008235227564518897,0.0,0.001953125,-1.0,10,5000,0.005859375
METABRIC,MCAR,0.05,corr_rv,True,Mean,MissForest,0.9985714920820682,0.9995316108810928,-0.0009601187990245785,-0.0010041145527860064,-0.0009183829131172796,0.0,0.001953125,-1.0,10,5000,0.005859375
METABRIC,MCAR,0.05,corr_rv,True,KNN,MissForest,0.9994371221355808,0.9995316108810928,-9.448874551198916e-05,-0.0001026015732153071,-8.634151198343321e-05,0.0,0.001953125,-1.0,10,5000,0.005859375
METABRIC,MCAR,0.05,f1_macro,True,Mean,KNN,0.878740165462206,0.8812234101019347,-0.00248324463972871,-0.004921854933283046,-0.00014350277770466596,10.0,0.083984375,-0.4,10,5000,0.251953125
METABRIC,MCAR,0.05,f1_macro,True,Mean,MissForest,0.878740165462206,0.881212014345808,-0.002471848883601968,-0.005253101492357857,0.0006656649558556387,13.0,0.16015625,-0.4,10,5000,0.3203125
METABRIC,MCAR,0.05,f1_macro,True,KNN,MissForest,0.8812234101019347,0.881212014345808,1.139575612674193e-05,-0.0012848356380137926,0.001522835526099559,24.0,0.76953125,0.0,10,5000,0.76953125
METABRIC,MCAR,0.1,rmse,False,Mean,KNN,1.0632839529894023,0.6914800654508626,0.37180388753853966,0.3617933405333834,0.3837524073182462,0.0,0.001953125,1.0,10,5000,0.005859375
METABRIC,MCAR,0.1,rmse,False,Mean,MissForest,1.0632839529894023,0.6236001728353093,0.43968378015409293,0.42999839505760934,0.4505598090133408,0.0,0.001953125,1.0,10,5000,0.005859375
METABRIC,MCAR,0.1,rmse,False,KNN,MissForest,0.6914800654508626,0.6236001728353093,0.06787989261555327,0.06386990077036507,0.07171667026505264,0.0,0.001953125,1.0,10,5000,0.005859375
METABRIC,MCAR,0.1,mae,False,Mean,KNN,0.7468316593070492,0.46899634151055203,0.27783531779649717,0.2719062755628427,0.28410880635681596,0.0,0.001953125,1.0,10,5000,0.005859375
METABRIC,MCAR,0.1,mae,False,Mean,MissForest,0.7468316593070492,0.4167330030561189,0.3300986562509303,0.32420165347696384,0.33597300260288976,0.0,0.001953125,1.0,10,5000,0.005859375
METABRIC,MCAR,0.1,mae,False,KNN,MissForest,0.46899634151055203,0.4167330030561189,0.05226333845443315,0.049687829933999186,0.05476019614502792,0.0,0.001953125,1.0,10,5000,0.005859375
METABRIC,MCAR,0.1,corr_rv,True,Mean,KNN,0.9966124942973277,0.9987166407340518,-0.0021041464367240748,-0.0022008060474465645,-0.0020201274181149993,0.0,0.001953125,-1.0,10,5000,0.005859375
METABRIC,MCAR,0.1,corr_rv,True,Mean,MissForest,0.9966124942973277,0.9989516647384129,-0.0023391704410852254,-0.0024267250522746007,-0.002261174997300094,0.0,0.001953125,-1.0,10,5000,0.005859375
METABRIC,MCAR,0.1,corr_rv,True,KNN,MissForest,0.9987166407340518,0.9989516647384129,-0.00023502400436115067,-0.0002633945686915104,-0.0002076029322239778,0.0,0.001953125,-1.0,10,5000,0.005859375
METABRIC,MCAR,0.1,f1_macro,True,Mean,KNN,0.8747997280647162,0.8756739489033232,-0.0008742208386069983,-0.003415388266137647,0.0012899611781491867,24.0,0.76953125,0.0,10,5000,0.76953125
METABRIC,MCAR,0.1,f1_macro,True,Mean,MissForest,0.8747997280647162,0.8786664667109548,-0.0038667386462386544,-0.006693764807177193,-0.0009733664974482546,8.0,0.048828125,-0.6,10,5000,0.146484375
METABRIC,MCAR,0.1,f1_macro,True,KNN,MissForest,0.8756739489033232,0.8786664667109548,-0.002992517807631656,-0.00649601715062148,0.00038856824914901695,15.0,0.232421875,0.0,10,5000,0.46484375
METABRIC,MCAR,0.2,rmse,False,Mean,KNN,1.0675325388276042,0.7095707550674925,0.3579617837601118,0.352816166420231,0.3630208069228163,0.0,0.001953125,1.0,10,5000,0.005859375
METABRIC,MCAR,0.2,rmse,False,Mean,MissForest,1.0675325388276042,0.6371393598958995,0.4303931789317047,0.42575912883204897,0.4349618351915779,0.0,0.001953125,1.0,10,5000,0.005859375
METABRIC,MCAR,0.2,rmse,False,KNN,MissForest,0.7095707550674925,0.6371393598958995,0.07243139517159292,0.07080900907911113,0.07415807479267222,0.0,0.001953125,1.0,10,5000,0.005859375
METABRIC,MCAR,0.2,mae,False,Mean,KNN,0.7506195095902716,0.4818204136789229,0.26879909591134865,0.2660405595264133,0.27112166170717683,0.0,0.001953125,1.0,10,5000,0.005859375
METABRIC,MCAR,0.2,mae,False,Mean,MissForest,0.7506195095902716,0.42597991083370496,0.3246395987565666,0.32231995300497046,0.3267085773551192,0.0,0.001953125,1.0,10,5000,0.005859375
METABRIC,MCAR,0.2,mae,False,KNN,MissForest,0.4818204136789229,0.42597991083370496,0.055840502845217965,0.05453496697217343,0.05724227409165015,0.0,0.001953125,1.0,10,5000,0.005859375
METABRIC,MCAR,0.2,corr_rv,True,Mean,KNN,0.9903330879887285,0.9969743661175773,-0.006641278128848738,-0.006972873630150506,-0.006318717385049164,0.0,0.001953125,-1.0,10,5000,0.005859375
METABRIC,MCAR,0.2,corr_rv,True,Mean,MissForest,0.9903330879887285,0.9976544752451604,-0.007321387256431833,-0.007643174067475824,-0.007005004627434507,0.0,0.001953125,-1.0,10,5000,0.005859375
METABRIC,MCAR,0.2,corr_rv,True,KNN,MissForest,0.9969743661175773,0.9976544752451604,-0.000680109127583095,-0.000754622351377105,-0.0005990580186959707,0.0,0.001953125,-1.0,10,5000,0.005859375
METABRIC,MCAR,0.2,f1_macro,True,Mean,KNN,0.8660736598153809,0.8691416635535306,-0.0030680037381497494,-0.005130963202457486,-0.0009089461177281375,8.0,0.048828125,-0.6,10,5000,0.048828125
METABRIC,MCAR,0.2,f1_macro,True,Mean,MissForest,0.8660736598153809,0.8741775961522379,-0.00810393633685702,-0.010347092037933263,-0.005742564767974974,0.0,0.001953125,-1.0,10,5000,0.005859375
METABRIC,MCAR,0.2,f1_macro,True,KNN,MissForest,0.8691416635535306,0.8741775961522379,-0.005035932598707271,-0.007386687901025988,-0.0025050354500288936,3.0,0.009765625,-0.8,10,5000,0.01953125
METABRIC,MCAR,0.3,rmse,False,Mean,KNN,1.0688084698772478,0.7335889223533446,0.33521954752390315,0.33052908412832105,0.3397074308379912,0.0,0.001953125,1.0,10,5000,0.005859375
METABRIC,MCAR,0.3,rmse,False,Mean,MissForest,1.0688084698772478,0.6532032377531888,0.415605232124059,0.4117576807012364,0.4190395944754474,0.0,0.001953125,1.0,10,5000,0.005859375
METABRIC,MCAR,0.3,rmse,False,KNN,MissForest,0.7335889223533446,0.6532032377531888,0.08038568460015583,0.07748596553943077,0.0835044541390519,0.0,0.001953125,1.0,10,5000,0.005859375
METABRIC,MCAR,0.3,mae,False,Mean,KNN,0.7538805993199806,0.49920992254852836,0.2546706767714523,0.2529763236179222,0.2565422628863741,0.0,0.001953125,1.0,10,5000,0.005859375
METABRIC,MCAR,0.3,mae,False,Mean,MissForest,0.7538805993199806,0.4367002987725761,0.31718030054740454,0.31538691406278724,0.318700839191737,0.0,0.001953125,1.0,10,5000,0.005859375
METABRIC,MCAR,0.3,mae,False,KNN,MissForest,0.49920992254852836,0.4367002987725761,0.06250962377595226,0.061358920739765455,0.0637208552648807,0.0,0.001953125,1.0,10,5000,0.005859375
METABRIC,MCAR,0.3,corr_rv,True,Mean,KNN,0.9795621827478052,0.9945285305584186,-0.014966347810613456,-0.01528661307028321,-0.014605651732598663,0.0,0.001953125,-1.0,10,5000,0.005859375
METABRIC,MCAR,0.3,corr_rv,True,Mean,MissForest,0.9795621827478052,0.9958367736412237,-0.01627459089341854,-0.016527922223226015,-0.016007486628756066,0.0,0.001953125,-1.0,10,5000,0.005859375
METABRIC,MCAR,0.3,corr_rv,True,KNN,MissForest,0.9945285305584186,0.9958367736412237,-0.0013082430828050828,-0.0014471881849519648,-0.0011936415123337755,0.0,0.001953125,-1.0,10,5000,0.005859375
METABRIC,MCAR,0.3,f1_macro,True,Mean,KNN,0.8550846750816824,0.8582261234591261,-0.0031414483774436786,-0.00884667521023486,0.0017660685882991596,24.0,0.76953125,0.2,10,5000,0.76953125
METABRIC,MCAR,0.3,f1_macro,True,Mean,MissForest,0.8550846750816824,0.8662237147375468,-0.01113903965586438,-0.014161858229126984,-0.008646873469599749,0.0,0.001953125,-1.0,10,5000,0.005859375
METABRIC,MCAR,0.3,f1_macro,True,KNN,MissForest,0.8582261234591261,0.8662237147375468,-0.007997591278420701,-0.011270782583925198,-0.004375314705940159,2.0,0.005859375,-0.8,10,5000,0.01171875
METABRIC,MAR,0.05,rmse,False,Mean,KNN,1.1688933346254948,0.699695891558898,0.46919744306659683,0.4600938852331582,0.47858952831514684,0.0,0.001953125,1.0,10,5000,0.005859375
METABRIC,MAR,0.05,rmse,False,Mean,MissForest,1.1688933346254948,0.6290763935180603,0.5398169411074345,0.5297595588960045,0.5499154434108173,0.0,0.001953125,1.0,10,5000,0.005859375
METABRIC,MAR,0.05,rmse,False,KNN,MissForest,0.699695891558898,0.6290763935180603,0.07061949804083767,0.06594600625599276,0.07586160107181304,0.0,0.001953125,1.0,10,5000,0.005859375
METABRIC,MAR,0.05,mae,False,Mean,KNN,0.8278765175265456,0.47767433921768443,0.35020217830886113,0.3442567015215697,0.3565809853983315,0.0,0.001953125,1.0,10,5000,0.005859375
METABRIC,MAR,0.05,mae,False,Mean,MissForest,0.8278765175265456,0.4260548307267255,0.40182168679982005,0.39593490901868084,0.4082698293465845,0.0,0.001953125,1.0,10,5000,0.005859375
METABRIC,MAR,0.05,mae,False,KNN,MissForest,0.47767433921768443,0.4260548307267255,0.05161950849095892,0.04964327875232177,0.053581328967559,0.0,0.001953125,1.0,10,5000,0.005859375
METABRIC,MAR,0.05,corr_rv,True,Mean,KNN,0.9977647441987761,0.9993058780812966,-0.001541133882520418,-0.0016295741240185512,-0.0014546407782117122,0.0,0.001953125,-1.0,10,5000,0.005859375
METABRIC,MAR,0.05,corr_rv,True,Mean,MissForest,0.9977647441987761,0.9994367754978134,-0.0016720312990372577,-0.0017606973201156938,-0.001583694553718432,0.0,0.001953125,-1.0,10,5000,0.005859375
METABRIC,MAR,0.05,corr_rv,True,KNN,MissForest,0.9993058780812966,0.9994367754978134,-0.00013089741651683973,-0.00014884650769225684,-0.00011195025362811585,0.0,0.001953125,-1.0,10,5000,0.005859375
METABRIC,MAR,0.05,f1_macro,True,Mean,KNN,0.8807230463647768,0.8803363082962823,0.00038673806849454095,-0.002457283918291948,0.002947087306526887,21.0,0.556640625,0.2,10,5000,1.0
METABRIC,MAR,0.05,f1_macro,True,Mean,MissForest,0.8807230463647768,0.8805805867748587,0.00014245958991809804,-0.0021598375099059174,0.002037740286905029,24.0,0.76953125,0.0,10,5000,1.0
METABRIC,MAR,0.05,f1_macro,True,KNN,MissForest,0.8803363082962823,0.8805805867748587,-0.0002442784785764429,-0.002707708957626183,0.0022229782796069947,23.0,0.6953125,-0.2,10,5000,1.0
METABRIC,MAR,0.1,rmse,False,Mean,KNN,1.1602141435329831,0.7098662056262381,0.450347937906745,0.4453271648390378,0.4546550347376978,0.0,0.001953125,1.0,10,5000,0.005859375
METABRIC,MAR,0.1,rmse,False,Mean,MissForest,1.1602141435329831,0.6427895028879883,0.5174246406449948,0.5122174367775976,0.5223219079931671,0.0,0.001953125,1.0,10,5000,0.005859375
METABRIC,MAR,0.1,rmse,False,KNN,MissForest,0.7098662056262381,0.6427895028879883,0.06707670273824984,0.06402941378113208,0.06989554625909809,0.0,0.001953125,1.0,10,5000,0.005859375
METABRIC,MAR,0.1,mae,False,Mean,KNN,0.8191159791076407,0.48310158594163377,0.3360143931660069,0.33251375806396705,0.33950199692098976,0.0,0.001953125,1.0,10,5000,0.005859375
METABRIC,MAR,0.1,mae,False,Mean,MissForest,0.8191159791076407,0.4306833769894324,0.3884326021182083,0.38514270770051706,0.39150666354572067,0.0,0.001953125,1.0,10,5000,0.005859375
METABRIC,MAR,0.1,mae,False,KNN,MissForest,0.48310158594163377,0.4306833769894324,0.052418208952201395,0.05067222044543356,0.05409948497848194,0.0,0.001953125,1.0,10,5000,0.005859375
METABRIC,MAR,0.1,corr_rv,True,Mean,KNN,0.9942925728728254,0.9984620111159137,-0.0041694382430883525,-0.004288324820505987,-0.004015374663790458,0.0,0.001953125,-1.0,10,5000,0.005859375
METABRIC,MAR,0.1,corr_rv,True,Mean,MissForest,0.9942925728728254,0.9987570661639642,-0.004464493291138849,-0.004605628784950526,-0.004295038426087187,0.0,0.001953125,-1.0,10,5000,0.005859375
METABRIC,MAR,0.1,corr_rv,True,KNN,MissForest,0.9984620111159137,0.9987570661639642,-0.00029505504805049654,-0.0003246234027441844,-0.00026459949141604405,0.0,0.001953125,-1.0,10,5000,0.005859375
METABRIC,MAR,0.1,f1_macro,True,Mean,KNN,0.8743290626841953,0.8778545991857504,-0.003525536501555071,-0.006235736923489876,-0.0006857193054379373,12.0,0.130859375,-0.2,10,5000,0.26171875
METABRIC,MAR,0.1,f1_macro,True,Mean,MissForest,0.8743290626841953,0.8791786876085735,-0.0048496249243782374,-0.008187438595399986,-0.0011080987046303554,6.0,0.02734375,-0.8,10,5000,0.08203125
METABRIC,MAR,0.1,f1_macro,True,KNN,MissForest,0.8778545991857504,0.8791786876085735,-0.0013240884228231664,-0.0033363845543076254,0.0006505585682825862,17.0,0.322265625,-0.4,10,5000,0.322265625
METABRIC,MAR,0.2,rmse,False,Mean,KNN,1.1491114075405715,0.7507455341014431,0.39836587343912844,0.3910506164852066,0.4053188964383411,0.0,0.001953125,1.0,10,5000,0.005859375
METABRIC,MAR,0.2,rmse,False,Mean,MissForest,1.1491114075405715,0.6721495670652327,0.47696184047533885,0.47251225346322495,0.48227012731806024,0.0,0.001953125,1.0,10,5000,0.005859375
METABRIC,MAR,0.2,rmse,False,KNN,MissForest,0.7507455341014431,0.6721495670652327,0.07859596703621041,0.07075410150247627,0.08637488396841521,0.0,0.001953125,1.0,10,5000,0.005859375
METABRIC,MAR,0.2,mae,False,Mean,KNN,0.811289192301281,0.5089724819832424,0.30231671031803864,0.29847703566373296,0.30574209509933487,0.0,0.001953125,1.0,10,5000,0.005859375
METABRIC,MAR,0.2,mae,False,Mean,MissForest,0.811289192301281,0.44529760713839767,0.3659915851628834,0.3633957497492914,0.3684346406434536,0.0,0.001953125,1.0,10,5000,0.005859375
METABRIC,MAR,0.2,mae,False,KNN,MissForest,0.5089724819832424,0.44529760713839767,0.06367487484484474,0.05991642702531319,0.06730217071340677,0.0,0.001953125,1.0,10,5000,0.005859375
METABRIC,MAR,0.2,corr_rv,True,Mean,KNN,0.9830501684053313,0.9961800963159358,-0.013129927910604522,-0.0134194836868945,-0.012875842023235731,0.0,0.001953125,-1.0,10,5000,0.005859375
METABRIC,MAR,0.2,corr_rv,True,Mean,MissForest,0.9830501684053313,0.9971128483385948,-0.014062679933263489,-0.014394264770130463,-0.013778626642803668,0.0,0.001953125,-1.0,10,5000,0.005859375
METABRIC,MAR,0.2,corr_rv,True,KNN,MissForest,0.9961800963159358,0.9971128483385948,-0.000932752022658967,-0.0010652036661462402,-0.0008107041766446022,0.0,0.001953125,-1.0,10,5000,0.005859375
METABRIC,MAR,0.2,f1_macro,True,Mean,KNN,0.8635717320954566,0.8721681465435436,-0.008596414448087009,-0.009910377760516545,-0.006881209150386341,0.0,0.001953125,-1.0,10,5000,0.005859375
METABRIC,MAR,0.2,f1_macro,True,Mean,MissForest,0.8635717320954566,0.8707923202001207,-0.007220588104664083,-0.010981841170451952,-0.0038933714239633675,1.0,0.00390625,-0.8,10,5000,0.0078125
METABRIC,MAR,0.2,f1_macro,True,KNN,MissForest,0.8721681465435436,0.8707923202001207,0.0013758263434229256,-0.001771181122094048,0.004394008395481612,19.0,0.431640625,0.2,10,5000,0.431640625
METABRIC,MAR,0.3,rmse,False,Mean,KNN,1.143003217234177,0.856710260394444,0.2862929568397331,0.27375912119575685,0.2971552097128778,0.0,0.001953125,1.0,10,5000,0.005859375
METABRIC,MAR,0.3,rmse,False,Mean,MissForest,1.143003217234177,0.7052613170597014,0.4377419001744757,0.4336086087533465,0.4414422019102931,0.0,0.001953125,1.0,10,5000,0.005859375
METABRIC,MAR,0.3,rmse,False,KNN,MissForest,0.856710260394444,0.7052613170597014,0.15144894333474257,0.14259688455085706,0.16157888213997196,0.0,0.001953125,1.0,10,5000,0.005859375
METABRIC,MAR,0.3,mae,False,Mean,KNN,0.8029062803284972,0.575010695042496,0.22789558528600118,0.22194249688778542,0.2333647958676733,0.0,0.001953125,1.0,10,5000,0.005859375
METABRIC,MAR,0.3,mae,False,Mean,MissForest,0.8029062803284972,0.4650253873684155,0.3378808929600817,0.3358305124376396,0.3398101670151653,0.0,0.001953125,1.0,10,5000,0.005859375
METABRIC,MAR,0.3,mae,False,KNN,MissForest,0.575010695042496,0.4650253873684155,0.10998530767408055,0.10548966185147082,0.11502480221145295,0.0,0.001953125,1.0,10,5000,0.005859375
METABRIC,MAR,0.3,corr_rv,True,Mean,KNN,0.966421453522794,0.9924434633760825,-0.026022009853288508,-0.026769802428294204,-0.025207899556040615,0.0,0.001953125,-1.0,10,5000,0.005859375
METABRIC,MAR,0.3,corr_rv,True,Mean,MissForest,0.966421453522794,0.9950398714454506,-0.028618417922656625,-0.029219817782837536,-0.02803258281988731,0.0,0.001953125,-1.0,10,5000,0.005859375
METABRIC,MAR,0.3,corr_rv,True,KNN,MissForest,0.9924434633760825,0.9950398714454506,-0.002596408069368117,-0.0029413324979340513,-0.0022254638918454447,0.0,0.001953125,-1.0,10,5000,0.005859375
METABRIC,MAR,0.3,f1_macro,True,Mean,KNN,0.8480200851951301,0.848245423395533,-0.00022533820040293584,-0.005099077443857943,0.00525730154546083,25.0,0.845703125,0.2,10,5000,0.845703125
METABRIC,MAR,0.3,f1_macro,True,Mean,MissForest,0.8480200851951301,0.8606189427022096,-0.012598857507079564,-0.01717038985144007,-0.008538007594390894,0.0,0.001953125,-1.0,10,5000,0.005859375
METABRIC,MAR,0.3,f1_macro,True,KNN,MissForest,0.848245423395533,0.8606189427022096,-0.012373519306676628,-0.016240314209183575,-0.008723178021841143,0.0,0.001953125,-1.0,10,5000,0.005859375
